dataset,mode,level,model,model_tag,seed,best_accuracy,final_accuracy,best_r2,final_r2,best_epoch,best_val_loss,total_steps,max_ft_steps,lr,drop_prob,run_time_min,gpu,slurm_job,log,run_id,path,stage,best_well_acc,best_wellcl_acc,final_well_acc,final_wellcl_acc,best_step,best_val_acc
lincs,no_pretrain,lvl1,elog,elog,1,0.9756688069432744,0.9844470086861722,,,3.0,0.3262371,40000.0,40000.0,0.001,0.1,1,NVIDIA GH200 144G HBM3e MIG 1g.18gb,8102454,out/L_lvl1_elog_s1_20260926_1548.out,2026-09-26_16-26_s1,results/lincs/finetune/no_pretrain/lvl1/elog/2026-09-26_16-26_s1,finetune,,,,,,
lincs,no_pretrain,lvl1,emlp,emlp_zc,1,0.9991858925802958,0.9992000509702037,,,3.0,0.0019376725,40000.0,40000.0,4.7367e-5,0.08279,2,NVIDIA GH200 144G HBM3e MIG 1g.18gb,8107977,out/L_lvl1_emlp_s1_20260930_2041.out,2026-09-30_20-42_j8107977_p2983123_s1,results/lincs/finetune/no_pretrain/lvl1/emlp_zc/2026-09-30_20-42_j8107977_p2983123_s1,finetune,,,,,,0.9993841100390064
lincs,no_pretrain,lvl1,emlp,emlp_zc,2,0.9993628724541446,0.9992142093601115,,,3.0,0.0018887918,40000.0,40000.0,4.7367e-5,0.08279,2,NVIDIA GH200 144G HBM3e MIG 1g.18gb,8107989,out/L_lvl1_emlp_s2_20260930_2041.out,2026-09-30_22-29_j8107989_p2988089_s2,results/lincs/finetune/no_pretrain/lvl1/emlp_zc/2026-09-30_22-29_j8107989_p2988089_s2,finetune,,,,,,0.999433664403684
lincs,no_pretrain,lvl1,emlp,emlp_zc,3,0.9993133180894669,0.9994124268188221,,,3.0,0.0021808713,40000.0,40000.0,4.7367e-5,0.08279,2,NVIDIA GH200 144G HBM3e MIG 1g.18gb,8108001,out/L_lvl1_emlp_s3_20260930_2041.out,2026-10-01_00-17_j8108001_p2998291_s3,results/lincs/finetune/no_pretrain/lvl1/emlp_zc/2026-10-01_00-17_j8108001_p2998291_s3,finetune,,,,,,0.9993628724541446
lincs,no_pretrain,lvl1,rlog,rlog,1,0.9982372804564665,0.9982797556261902,,,3.0,0.0070788553,40000.0,40000.0,0.001,0.1,2,NVIDIA GH200 144G HBM3e MIG 1g.18gb,8102435,out/L_lvl1_rlog_s1_20260926_1548.out,2026-09-26_15-50_s1,results/lincs/finetune/no_pretrain/lvl1/rlog/2026-09-26_15-50_s1,finetune,,,,,,
lincs,no_pretrain,lvl1,rmlp,rmlp,1,0.9975222817661176,0.9963188186239461,,,3.0,0.0074952957,40000.0,40000.0,0.00028059,0.2548,3,NVIDIA GH200 144G HBM3e MIG 1g.18gb,8107978,out/L_lvl1_rmlp_s1_20260930_2041.out,2026-09-30_20-46_j8107978_p2983368_s1,results/lincs/finetune/no_pretrain/lvl1/rmlp/2026-09-30_20-46_j8107978_p2983368_s1,finetune,,,,,,0.9974302522317162
lincs,no_pretrain,lvl1,rmlp,rmlp,2,0.9974798065963939,0.9967294119312752,,,3.0,0.0075763743,40000.0,40000.0,0.00028059,0.2548,3,NVIDIA GH200 144G HBM3e MIG 1g.18gb,8107990,out/L_lvl1_rmlp_s2_20260930_2041.out,2026-09-30_22-33_j8107990_p2988344_s2,results/lincs/finetune/no_pretrain/lvl1/rmlp/2026-09-30_22-33_j8107990_p2988344_s2,finetune,,,,,,0.997465648206486
lincs,no_pretrain,lvl1,rmlp,rmlp,3,0.9971612428234661,0.9971612428234661,,,4.0,0.0074419873,40000.0,40000.0,0.00028059,0.2548,3,NVIDIA GH200 144G HBM3e MIG 1g.18gb,8108002,out/L_lvl1_rmlp_s3_20260930_2041.out,2026-10-01_00-21_j8108002_p2998965_s3,results/lincs/finetune/no_pretrain/lvl1/rmlp/2026-10-01_00-21_j8108002_p2998965_s3,finetune,,,,,,0.9970904508739267
lincs,no_pretrain,lvl2,elog,elog_z,1,0.5607425232038501,0.5788243382605707,,,11.0,1.6407021,40000.0,40000.0,0.001,0.1,2,NVIDIA GH200 144G HBM3e MIG 1g.18gb,8103947,out/L_lvl2_elog_z_s1_20260927_1908.out,2026-09-27_19-08_s1,results/lincs/finetune/no_pretrain/lvl2/elog_z/2026-09-27_19-08_s1,finetune,,,,,,
lincs,no_pretrain,lvl2,elog,elog_z,2,0.5601237538673084,0.5669302165692678,,,13.0,1.6273309,40000.0,40000.0,0.001,0.1,2,NVIDIA RTX 6000 Ada Generation,8103948,out/L_lvl2_elog_z_s2_20260927_1908.out,2026-09-27_19-08_s2,results/lincs/finetune/no_pretrain/lvl2/elog_z/2026-09-27_19-08_s2,finetune,,,,,,
lincs,no_pretrain,lvl2,elog,elog_z,3,0.5603987624613269,0.5738054314197318,,,11.0,1.6528084,40000.0,40000.0,0.001,0.1,1,NVIDIA GeForce RTX 2080 Ti,8103949,out/L_lvl2_elog_z_s3_20260927_1908.out,2026-09-27_19-08_s3,results/lincs/finetune/no_pretrain/lvl2/elog_z/2026-09-27_19-08_s3,finetune,,,,,,
lincs,no_pretrain,lvl2,elog,elog_zc,1,0.5729804056376762,0.5792368511515985,,,27.0,1.698039,40000.0,40000.0,0.001,0.1,2,NVIDIA GH200 144G HBM3e MIG 1g.18gb,8104119,out/L_lvl2_elog_zc_s1_20260928_1029.out,2026-09-28_10-33_s1,results/lincs/finetune/no_pretrain/lvl2/elog_zc/2026-09-28_10-33_s1,finetune,,,,,,0.5749742179443108
lincs,no_pretrain,lvl2,elog,elog_zc,1,0.5793743554486077,0.5784805775180475,,,36.0,1.7209722,80000.0,80000.0,0.001,0.1,3,NVIDIA RTX 6000 Ada Generation,8106406,out/L_lvl2_elog_80k_s1_20260929_1141.out,2026-09-29_11-42_s1,results/lincs/finetune/no_pretrain/lvl2/elog_zc/2026-09-29_11-42_s1,finetune,,,,,,0.5776555517359917
lincs,no_pretrain,lvl2,elog,elog_zc,2,0.5724991405981437,0.5669302165692678,,,28.0,1.686462,40000.0,40000.0,0.001,0.1,1,NVIDIA GeForce RTX 2080 Ti,8104129,out/L_lvl2_elog_zc_s2_20260928_1029.out,2026-09-28_10-37_s2,results/lincs/finetune/no_pretrain/lvl2/elog_zc/2026-09-28_10-37_s2,finetune,,,,,,0.5722241320041251
lincs,no_pretrain,lvl2,elog,elog_zc,2,0.5706428325885184,0.5693365417669303,,,58.0,1.7915664,80000.0,80000.0,0.001,0.1,2,NVIDIA GeForce RTX 2080 Ti,8106408,out/L_lvl2_elog_80k_s2_20260929_1141.out,2026-09-29_11-42_s2,results/lincs/finetune/no_pretrain/lvl2/elog_zc/2026-09-29_11-42_s2,finetune,,,,,,0.5748367136473015
lincs,no_pretrain,lvl2,elog,elog_zc,3,0.5744242007562737,0.5738741835682365,,,32.0,1.7161716,40000.0,40000.0,0.001,0.1,1,NVIDIA GeForce RTX 2080 Ti,8104139,out/L_lvl2_elog_zc_s3_20260928_1029.out,2026-09-28_10-38_s3,results/lincs/finetune/no_pretrain/lvl2/elog_zc/2026-09-28_10-38_s3,finetune,,,,,,0.5734616706772087
lincs,no_pretrain,lvl2,elog,elog_zc,3,0.5735304228257133,0.5717428669645926,,,52.0,1.7771124,80000.0,80000.0,0.001,0.1,3,NVIDIA GeForce RTX 2080 Ti,8106410,out/L_lvl2_elog_80k_s3_20260929_1141.out,2026-09-29_11-42_s3,results/lincs/finetune/no_pretrain/lvl2/elog_zc/2026-09-29_11-42_s3,finetune,,,,,,0.576280508765899
lincs,no_pretrain,lvl2,emlp,emlp_z,1,0.6235132347885871,0.6562392574767961,,,10.0,1.3571086,40000.0,40000.0,0.00011,0.014,3,NVIDIA GeForce RTX 2080 Ti,8104096,out/L_lvl2_emlp_z_s1_20260928_1013.out,2026-09-28_10-13_j8104096_p248513_s1,results/lincs/finetune/no_pretrain/lvl2/emlp_z/2026-09-28_10-13_j8104096_p248513_s1,finetune,,,,,,
lincs,no_pretrain,lvl2,emlp,emlp_z,2,0.6228944654520454,0.6515641113784806,,,10.0,1.3786002,40000.0,40000.0,0.00011,0.014,3,NVIDIA GeForce RTX 2080 Ti,8104101,out/L_lvl2_emlp_z_s2_20260928_1013.out,2026-09-28_10-16_j8104101_p248835_s2,results/lincs/finetune/no_pretrain/lvl2/emlp_z/2026-09-28_10-16_j8104101_p248835_s2,finetune,,,,,,
lincs,no_pretrain,lvl2,emlp,emlp_z,3,0.6152629769680302,0.6553454795462358,,,9.0,1.3870649,40000.0,40000.0,0.00011,0.014,3,NVIDIA GeForce RTX 2080 Ti,8104106,out/L_lvl2_emlp_z_s3_20260928_1013.out,2026-09-28_10-17_j8104106_p187384_s3,results/lincs/finetune/no_pretrain/lvl2/emlp_z/2026-09-28_10-17_j8104106_p187384_s3,finetune,,,,,,
lincs,no_pretrain,lvl2,emlp,emlp_zc,1,0.6580268133379168,0.6615331729116535,,,34.0,1.854641,40000.0,40000.0,0.00011,0.014,3,NVIDIA RTX 6000 Ada Generation,8104120,out/L_lvl2_emlp_zc_s1_20260928_1029.out,2026-09-28_10-33_j8104120_p487048_s1,results/lincs/finetune/no_pretrain/lvl2/emlp_zc/2026-09-28_10-33_j8104120_p487048_s1,finetune,,,,,,0.6641457545548298
lincs,no_pretrain,lvl2,emlp,emlp_zc,1,0.6952904778274321,0.6952904778274321,,,35.0,1.7341307,40000.0,40000.0,0.00013427,0.2308,6,NVIDIA RTX 6000 Ada Generation,8107979,out/L_lvl2_emlp_s1_20260930_2041.out,2026-09-30_20-42_j8107979_p764159_s1,results/lincs/finetune/no_pretrain/lvl2/emlp_zc/2026-09-30_20-42_j8107979_p764159_s1,finetune,,,,,,0.696253007906497
lincs,no_pretrain,lvl2,emlp,emlp_zc,2,0.6939154348573393,0.6852526641457546,,,34.0,1.7049319,40000.0,40000.0,0.00013427,0.2308,6,NVIDIA RTX 6000 Ada Generation,8107991,out/L_lvl2_emlp_s2_20260930_2041.out,2026-09-30_21-17_j8107991_p765985_s2,results/lincs/finetune/no_pretrain/lvl2/emlp_zc/2026-09-30_21-17_j8107991_p765985_s2,finetune,,,,,,0.6926091440357511
lincs,no_pretrain,lvl2,emlp,emlp_zc,3,0.6908215881746305,0.6908903403231351,,,30.0,1.63854,40000.0,40000.0,0.00013427,0.2308,6,NVIDIA RTX 6000 Ada Generation,8108003,out/L_lvl2_emlp_s3_20260930_2041.out,2026-09-30_21-52_j8108003_p767629_s3,results/lincs/finetune/no_pretrain/lvl2/emlp_zc/2026-09-30_21-52_j8108003_p767629_s3,finetune,,,,,,0.6963217600550017
lincs,no_pretrain,lvl2,emlp,emlp_zc,,0.5794431075971124,0.5794431075971124,,,9.0,1.3620546,10000.0,10000.0,0.00028396664719912716,0.042070511264057336,2,NVIDIA RTX 6000 Ada Generation,8104251,out/L_emlp_lvl2_mtw2ucw9_20260928_1122.out,2026-09-28_11-23_j8104251_p489210,results/lincs/finetune/no_pretrain/lvl2/emlp_zc/2026-09-28_11-23_j8104251_p489210,finetune,,,,,,0.581436919903747
lincs,no_pretrain,lvl2,emlp,emlp_zc,,0.44345135785493295,0.44345135785493295,,,9.0,1.6847314,10000.0,10000.0,0.000997777036861664,0.15269822976091074,2,NVIDIA RTX 6000 Ada Generation,8104251,out/L_emlp_lvl2_mtw2ucw9_20260928_1122.out,2026-09-28_11-25_j8104251_p489552,results/lincs/finetune/no_pretrain/lvl2/emlp_zc/2026-09-28_11-25_j8104251_p489552,finetune,,,,,,0.4462014437951186
lincs,no_pretrain,lvl2,emlp,emlp_zc,,0.6479889996562392,0.6479889996562392,,,9.0,1.3332644,10000.0,10000.0,0.0004934739744612153,0.08088372692203355,2,NVIDIA RTX 6000 Ada Generation,8104251,out/L_emlp_lvl2_mtw2ucw9_20260928_1122.out,2026-09-28_11-28_j8104251_p489903,results/lincs/finetune/no_pretrain/lvl2/emlp_zc/2026-09-28_11-28_j8104251_p489903,finetune,,,,,,0.6437263664489515
lincs,no_pretrain,lvl2,emlp,emlp_zc,,0.22035063595737367,0.22035063595737367,,,9.0,3.110634,10000.0,10000.0,6.0900539332068065e-6,0.2076905132532077,1,NVIDIA RTX 6000 Ada Generation,8104251,out/L_emlp_lvl2_mtw2ucw9_20260928_1122.out,2026-09-28_11-30_j8104251_p490295,results/lincs/finetune/no_pretrain/lvl2/emlp_zc/2026-09-28_11-30_j8104251_p490295,finetune,,,,,,0.22234444826400826
lincs,no_pretrain,lvl2,emlp,emlp_zc,,0.6427638363698865,0.6389137160536267,,,8.0,1.2762761,10000.0,10000.0,0.0005447939271335281,0.07312190188694588,2,NVIDIA RTX 6000 Ada Generation,8104251,out/L_emlp_lvl2_mtw2ucw9_20260928_1122.out,2026-09-28_11-32_j8104251_p490634,results/lincs/finetune/no_pretrain/lvl2/emlp_zc/2026-09-28_11-32_j8104251_p490634,finetune,,,,,,0.6370574080440013
lincs,no_pretrain,lvl2,emlp,emlp_zc,,0.4458576830525954,0.4458576830525954,,,9.0,1.7980433,10000.0,10000.0,0.002754424782639169,0.04758115620721603,1,NVIDIA RTX 6000 Ada Generation,8104251,out/L_emlp_lvl2_mtw2ucw9_20260928_1122.out,2026-09-28_11-38_j8104251_p491387,results/lincs/finetune/no_pretrain/lvl2/emlp_zc/2026-09-28_11-38_j8104251_p491387,finetune,,,,,,0.4472327260226882
lincs,no_pretrain,lvl2,emlp,emlp_zc,,0.6495015469233414,0.6521828807150224,,,8.0,1.2163174,10000.0,10000.0,0.0002121368691863521,0.09306446967464534,2,NVIDIA RTX 6000 Ada Generation,8104251,out/L_emlp_lvl2_mtw2ucw9_20260928_1122.out,2026-09-28_11-40_j8104251_p491697,results/lincs/finetune/no_pretrain/lvl2/emlp_zc/2026-09-28_11-40_j8104251_p491697,finetune,,,,,,0.6585080783774493
lincs,no_pretrain,lvl2,emlp,emlp_zc,,0.6456514266070815,0.6477827432107254,,,8.0,1.3093925,10000.0,10000.0,6.0054011154779585e-5,0.05478636627862281,2,NVIDIA RTX 6000 Ada Generation,8104251,out/L_emlp_lvl2_mtw2ucw9_20260928_1122.out,2026-09-28_11-43_j8104251_p492132,results/lincs/finetune/no_pretrain/lvl2/emlp_zc/2026-09-28_11-43_j8104251_p492132,finetune,,,,,,0.6426950842213819
lincs,no_pretrain,lvl2,emlp,emlp_zc,,0.6616019250601581,0.6585080783774493,,,8.0,1.1774203,10000.0,10000.0,5.874226939611424e-5,0.16489341572523267,2,NVIDIA RTX 6000 Ada Generation,8104251,out/L_emlp_lvl2_mtw2ucw9_20260928_1122.out,2026-09-28_11-46_j8104251_p492392,results/lincs/finetune/no_pretrain/lvl2/emlp_zc/2026-09-28_11-46_j8104251_p492392,finetune,,,,,,0.6547267102096941
lincs,no_pretrain,lvl2,emlp,emlp_zc,,0.5524922653832932,0.5524922653832932,,,9.0,1.4962369,10000.0,10000.0,0.0001943939079063882,0.012288271565889304,2,NVIDIA RTX 6000 Ada Generation,8104251,out/L_emlp_lvl2_mtw2ucw9_20260928_1122.out,2026-09-28_11-59_j8104251_p494345,results/lincs/finetune/no_pretrain/lvl2/emlp_zc/2026-09-28_11-59_j8104251_p494345,finetune,,,,,,0.5549673427294602
lincs,no_pretrain,lvl2,emlp,emlp_zc,,0.6651770367823995,0.6651770367823995,,,9.0,1.222013,10000.0,10000.0,6.147801904637365e-5,0.1330085239365653,2,NVIDIA RTX 6000 Ada Generation,8104251,out/L_emlp_lvl2_mtw2ucw9_20260928_1122.out,2026-09-28_12-01_j8104251_p494719,results/lincs/finetune/no_pretrain/lvl2/emlp_zc/2026-09-28_12-01_j8104251_p494719,finetune,,,,,,0.6638019938123066
lincs,no_pretrain,lvl2,emlp,emlp_zc,,0.6679958748710897,0.6679958748710897,,,9.0,1.2263645,10000.0,10000.0,0.00010789668578907842,0.11236830723864367,2,NVIDIA RTX 6000 Ada Generation,8104251,out/L_emlp_lvl2_mtw2ucw9_20260928_1122.out,2026-09-28_12-05_j8104251_p495139,results/lincs/finetune/no_pretrain/lvl2/emlp_zc/2026-09-28_12-05_j8104251_p495139,finetune,,,,,,0.6706772086627707
lincs,no_pretrain,lvl2,emlp,emlp_zc,,0.6540391887246476,0.6537641801306291,,,7.0,1.174897,10000.0,10000.0,0.0001730168320444917,0.130803074652188,2,NVIDIA RTX 6000 Ada Generation,8104251,out/L_emlp_lvl2_mtw2ucw9_20260928_1122.out,2026-09-28_12-11_j8104251_p495936,results/lincs/finetune/no_pretrain/lvl2/emlp_zc/2026-09-28_12-11_j8104251_p495936,finetune,,,,,,0.6551392231007219
lincs,no_pretrain,lvl2,emlp,emlp_zc,,0.6362323822619457,0.6362323822619457,,,9.0,1.2379333,10000.0,10000.0,0.00023243542531524173,0.12379189948828866,2,NVIDIA RTX 6000 Ada Generation,8104251,out/L_emlp_lvl2_mtw2ucw9_20260928_1122.out,2026-09-28_12-14_j8104251_p496344,results/lincs/finetune/no_pretrain/lvl2/emlp_zc/2026-09-28_12-14_j8104251_p496344,finetune,,,,,,0.6290134066689584
lincs,no_pretrain,lvl2,emlp,emlp_zc,,0.6633207287727741,0.6633207287727741,,,9.0,1.1711463,10000.0,10000.0,0.00011542234737457556,0.15894196146637488,2,NVIDIA RTX 6000 Ada Generation,8104251,out/L_emlp_lvl2_mtw2ucw9_20260928_1122.out,2026-09-28_12-16_j8104251_p496729,results/lincs/finetune/no_pretrain/lvl2/emlp_zc/2026-09-28_12-16_j8104251_p496729,finetune,,,,,,0.6635269852182881
lincs,no_pretrain,lvl2,emlp,emlp_zc,,0.663939498109316,0.663939498109316,,,9.0,1.2089345,10000.0,10000.0,8.531497401520641e-5,0.14775059564921625,2,NVIDIA RTX 6000 Ada Generation,8104251,out/L_emlp_lvl2_mtw2ucw9_20260928_1122.out,2026-09-28_12-20_j8104251_p497166,results/lincs/finetune/no_pretrain/lvl2/emlp_zc/2026-09-28_12-20_j8104251_p497166,finetune,,,,,,0.6606393949810931
lincs,no_pretrain,lvl2,emlp,emlp_zc,,0.665658301821932,0.6635269852182881,,,8.0,1.1771048,10000.0,10000.0,0.00015784051519660366,0.1359536971542428,2,NVIDIA RTX 6000 Ada Generation,8104251,out/L_emlp_lvl2_mtw2ucw9_20260928_1122.out,2026-09-28_12-23_j8104251_p497505,results/lincs/finetune/no_pretrain/lvl2/emlp_zc/2026-09-28_12-23_j8104251_p497505,finetune,,,,,,0.6728085252664145
lincs,no_pretrain,lvl2,emlp,emlp_zc,,0.667927122722585,0.667927122722585,,,9.0,1.1963781,10000.0,10000.0,0.0001280077855585832,0.140829590741284,2,NVIDIA RTX 6000 Ada Generation,8104251,out/L_emlp_lvl2_mtw2ucw9_20260928_1122.out,2026-09-28_12-26_j8104251_p497785,results/lincs/finetune/no_pretrain/lvl2/emlp_zc/2026-09-28_12-26_j8104251_p497785,finetune,,,,,,0.6652457889309041
lincs,no_pretrain,lvl2,emlp,emlp_zc,,0.09597799931247851,0.09597799931247851,,,9.0,3.9810958,10000.0,10000.0,1.405182356635318e-6,0.2875506641689365,1,NVIDIA GH200 144G HBM3e MIG 1g.18gb,8104525,out/L_emlp_lvl2_ghzr2bsn_20260928_1412.out,2026-09-28_14-12_j8104525_p2823241,results/lincs/finetune/no_pretrain/lvl2/emlp_zc/2026-09-28_14-12_j8104525_p2823241,finetune,,,,,,0.10127191474733585
lincs,no_pretrain,lvl2,emlp,emlp_zc,,0.6337573049157786,0.6337573049157786,,,9.0,1.2351902,10000.0,10000.0,0.00011635026162548389,0.20572766242780993,1,NVIDIA GH200 144G HBM3e MIG 1g.18gb,8104525,out/L_emlp_lvl2_ghzr2bsn_20260928_1412.out,2026-09-28_14-14_j8104525_p2823364,results/lincs/finetune/no_pretrain/lvl2/emlp_zc/2026-09-28_14-14_j8104525_p2823364,finetune,,,,,,0.6371949123410107
lincs,no_pretrain,lvl2,emlp,emlp_zc,,0.4261258164317635,0.4261258164317635,,,9.0,1.7481791,10000.0,10000.0,0.0010512573612181265,0.1720474071396915,2,NVIDIA GH200 144G HBM3e MIG 1g.18gb,8104525,out/L_emlp_lvl2_ghzr2bsn_20260928_1412.out,2026-09-28_14-21_j8104525_p2823708,results/lincs/finetune/no_pretrain/lvl2/emlp_zc/2026-09-28_14-21_j8104525_p2823708,finetune,,,,,,0.43396356136129255
lincs,no_pretrain,lvl2,emlp,emlp_zc,,0.028463389480921277,0.029082158817463045,,,8.0,4.343428,10000.0,10000.0,1.280783283696583e-6,0.08020667845598035,2,NVIDIA GH200 144G HBM3e MIG 1g.18gb,8104525,out/L_emlp_lvl2_ghzr2bsn_20260928_1412.out,2026-09-28_14-24_j8104525_p2824184,results/lincs/finetune/no_pretrain/lvl2/emlp_zc/2026-09-28_14-24_j8104525_p2824184,finetune,,,,,,0.027982124441388794
lincs,no_pretrain,lvl2,emlp,emlp_zc,,0.593881058783087,0.593881058783087,,,9.0,1.8514835,10000.0,10000.0,0.001566632646703155,0.13376268178206513,1,NVIDIA GH200 144G HBM3e MIG 1g.18gb,8104525,out/L_emlp_lvl2_ghzr2bsn_20260928_1412.out,2026-09-28_14-26_j8104525_p2824301,results/lincs/finetune/no_pretrain/lvl2/emlp_zc/2026-09-28_14-26_j8104525_p2824301,finetune,,,,,,0.5907872121003781
lincs,no_pretrain,lvl2,emlp,emlp_zc,,0.6668270883465108,0.6668270883465108,,,9.0,1.2591624,10000.0,10000.0,0.00013426782755605136,0.23078172032529576,6,NVIDIA GH200 144G HBM3e MIG 1g.18gb,8104525,out/L_emlp_lvl2_ghzr2bsn_20260928_1412.out,2026-09-28_14-28_j8104525_p2824470,results/lincs/finetune/no_pretrain/lvl2/emlp_zc/2026-09-28_14-28_j8104525_p2824470,finetune,,,,,,0.6625644551392231
lincs,no_pretrain,lvl2,emlp,emlp_zc,,0.6231007218975593,0.6231007218975593,,,9.0,1.254339,10000.0,10000.0,5.90080092494126e-5,0.2627959362806921,1,NVIDIA GH200 144G HBM3e MIG 1g.18gb,8104525,out/L_emlp_lvl2_ghzr2bsn_20260928_1412.out,2026-09-28_14-35_j8104525_p2824656,results/lincs/finetune/no_pretrain/lvl2/emlp_zc/2026-09-28_14-35_j8104525_p2824656,finetune,,,,,,0.6350635957373668
lincs,no_pretrain,lvl2,emlp,emlp_zc,,0.5381230663458233,0.5449295290477827,,,8.0,6.853436,10000.0,10000.0,0.0012573990588103103,0.286403495701414,2,NVIDIA GH200 144G HBM3e MIG 1g.18gb,8104525,out/L_emlp_lvl2_ghzr2bsn_20260928_1412.out,2026-09-28_14-37_j8104525_p2824787,results/lincs/finetune/no_pretrain/lvl2/emlp_zc/2026-09-28_14-37_j8104525_p2824787,finetune,,,,,,0.5515984874527329
lincs,no_pretrain,lvl2,emlp,emlp_zc,,0.6303196974905466,0.631763492609144,,,8.0,1.6476549,10000.0,10000.0,0.00031108690098425424,0.167304436714936,1,NVIDIA GH200 144G HBM3e MIG 1g.18gb,8104525,out/L_emlp_lvl2_ghzr2bsn_20260928_1412.out,2026-09-28_14-46_j8104525_p2825052,results/lincs/finetune/no_pretrain/lvl2/emlp_zc/2026-09-28_14-46_j8104525_p2825052,finetune,,,,,,0.6276383636988656
lincs,no_pretrain,lvl2,emlp,emlp_zc,,0.6286008937779306,0.638088690271571,,,8.0,1.2428522,10000.0,10000.0,8.216711482355656e-5,0.19833475645056156,1,NVIDIA GH200 144G HBM3e MIG 1g.18gb,8104525,out/L_emlp_lvl2_ghzr2bsn_20260928_1412.out,2026-09-28_14-49_j8104525_p2825169,results/lincs/finetune/no_pretrain/lvl2/emlp_zc/2026-09-28_14-49_j8104525_p2825169,finetune,,,,,,0.6404262633207288
lincs,no_pretrain,lvl2,emlp,emlp_zc,,0.5516672396012375,0.5516672396012375,,,9.0,2.712947,10000.0,10000.0,0.002459837544660329,0.22094833885045476,1,NVIDIA GH200 144G HBM3e MIG 1g.18gb,8104525,out/L_emlp_lvl2_ghzr2bsn_20260928_1412.out,2026-09-28_14-51_j8104525_p2825288,results/lincs/finetune/no_pretrain/lvl2/emlp_zc/2026-09-28_14-51_j8104525_p2825288,finetune,,,,,,0.5579924372636645
lincs,no_pretrain,lvl2,emlp,emlp_zc,,0.4459951873496047,0.4459951873496047,,,9.0,2.8609219,10000.0,10000.0,0.008469123428378338,0.2918501792104909,1,NVIDIA GH200 144G HBM3e MIG 1g.18gb,8104525,out/L_emlp_lvl2_ghzr2bsn_20260928_1412.out,2026-09-28_14-53_j8104525_p2825495,results/lincs/finetune/no_pretrain/lvl2/emlp_zc/2026-09-28_14-53_j8104525_p2825495,finetune,,,,,,0.4438638707459608
lincs,no_pretrain,lvl2,emlp,emlp_zc,,0.4837401168786525,0.4837401168786525,,,9.0,2.6837819,10000.0,10000.0,0.008221572957942763,0.0321498008218858,1,NVIDIA GH200 144G HBM3e MIG 1g.18gb,8104525,out/L_emlp_lvl2_ghzr2bsn_20260928_1412.out,2026-09-28_14-55_j8104525_p2825804,results/lincs/finetune/no_pretrain/lvl2/emlp_zc/2026-09-28_14-55_j8104525_p2825804,finetune,,,,,,0.4800275008594019
lincs,no_pretrain,lvl2,emlp,emlp_zc,,0.6365761430044689,0.6389137160536267,,,8.0,1.2892495,10000.0,10000.0,0.00019569249809305627,0.09283216011432335,1,NVIDIA GH200 144G HBM3e MIG 1g.18gb,8104525,out/L_emlp_lvl2_ghzr2bsn_20260928_1412.out,2026-09-28_14-57_j8104525_p2826243,results/lincs/finetune/no_pretrain/lvl2/emlp_zc/2026-09-28_14-57_j8104525_p2826243,finetune,,,,,,0.6296321760055001
lincs,no_pretrain,lvl2,emlp,emlp_zc,,0.6296321760055001,0.6242007562736336,,,8.0,1.2642312,10000.0,10000.0,0.0002394794666124992,0.18227301808563448,1,NVIDIA GH200 144G HBM3e MIG 1g.18gb,8104525,out/L_emlp_lvl2_ghzr2bsn_20260928_1412.out,2026-09-28_14-59_j8104525_p2826974,results/lincs/finetune/no_pretrain/lvl2/emlp_zc/2026-09-28_14-59_j8104525_p2826974,finetune,,,,,,0.6360948779649364
lincs,no_pretrain,lvl2,emlp,emlp_zc,,0.6152629769680302,0.6152629769680302,,,9.0,1.3209215,10000.0,10000.0,3.439841843992287e-5,0.02906275399311825,2,NVIDIA GH200 144G HBM3e MIG 1g.18gb,8104525,out/L_emlp_lvl2_ghzr2bsn_20260928_1412.out,2026-09-28_15-01_j8104525_p2827393,results/lincs/finetune/no_pretrain/lvl2/emlp_zc/2026-09-28_15-01_j8104525_p2827393,finetune,,,,,,0.6093502921966312
lincs,no_pretrain,lvl2,emlp,emlp_zc,,0.599037469920935,0.599037469920935,,,9.0,1.3831407,10000.0,10000.0,2.792880602256703e-5,0.12822514842986407,2,NVIDIA GH200 144G HBM3e MIG 1g.18gb,8104525,out/L_emlp_lvl2_ghzr2bsn_20260928_1412.out,2026-09-28_15-03_j8104525_p2827903,results/lincs/finetune/no_pretrain/lvl2/emlp_zc/2026-09-28_15-03_j8104525_p2827903,finetune,,,,,,0.5985562048814026
lincs,no_pretrain,lvl2,emlp,emlp_zc,,0.6101065658301822,0.6101065658301822,,,9.0,1.327393,10000.0,10000.0,7.399593035846121e-5,0.019364107705505677,1,NVIDIA GH200 144G HBM3e MIG 1g.18gb,8104525,out/L_emlp_lvl2_ghzr2bsn_20260928_1412.out,2026-09-28_15-05_j8104525_p2828382,results/lincs/finetune/no_pretrain/lvl2/emlp_zc/2026-09-28_15-05_j8104525_p2828382,finetune,,,,,,0.6102440701271915
lincs,no_pretrain,lvl2,emlp,emlp_zc,,0.6262633207287728,0.6262633207287728,,,9.0,1.3374673,10000.0,10000.0,5.678108007536945e-5,0.05753867353247861,1,NVIDIA GH200 144G HBM3e MIG 1g.18gb,8104525,out/L_emlp_lvl2_ghzr2bsn_20260928_1412.out,2026-09-28_15-07_j8104525_p2828800,results/lincs/finetune/no_pretrain/lvl2/emlp_zc/2026-09-28_15-07_j8104525_p2828800,finetune,,,,,,0.6125128910278447
lincs,no_pretrain,lvl2,emlp,emlp_zc,,0.522860089377793,0.522860089377793,,,9.0,1.6864005,10000.0,10000.0,1.5597027679161534e-5,0.02906287229293252,1,NVIDIA GH200 144G HBM3e MIG 1g.18gb,8104525,out/L_emlp_lvl2_ghzr2bsn_20260928_1412.out,2026-09-28_15-09_j8104525_p2829115,results/lincs/finetune/no_pretrain/lvl2/emlp_zc/2026-09-28_15-09_j8104525_p2829115,finetune,,,,,,0.5313853557923686
lincs,no_pretrain,lvl2,emlp,emlp_zc,,0.6393262289446545,0.6393262289446545,,,9.0,1.4639734,10000.0,10000.0,0.00026646113889939465,0.025803714473745992,1,NVIDIA GH200 144G HBM3e MIG 1g.18gb,8104525,out/L_emlp_lvl2_ghzr2bsn_20260928_1412.out,2026-09-28_15-11_j8104525_p2829250,results/lincs/finetune/no_pretrain/lvl2/emlp_zc/2026-09-28_15-11_j8104525_p2829250,finetune,,,,,,0.631007218975593
lincs,no_pretrain,lvl2,emlp,emlp_zc,,0.6268133379168099,0.6268133379168099,,,9.0,1.300223,10000.0,10000.0,0.00016293519690006107,0.06884504809516981,1,NVIDIA GH200 144G HBM3e MIG 1g.18gb,8104525,out/L_emlp_lvl2_ghzr2bsn_20260928_1412.out,2026-09-28_15-13_j8104525_p2829374,results/lincs/finetune/no_pretrain/lvl2/emlp_zc/2026-09-28_15-13_j8104525_p2829374,finetune,,,,,,0.6305259539360605
lincs,no_pretrain,lvl2,emlp,emlp_zc,,0.6127878996218632,0.6127878996218632,,,9.0,1.839922,10000.0,10000.0,0.0007175847040536916,0.1146291328020308,1,NVIDIA GH200 144G HBM3e MIG 1g.18gb,8104525,out/L_emlp_lvl2_ghzr2bsn_20260928_1412.out,2026-09-28_15-15_j8104525_p2829549,results/lincs/finetune/no_pretrain/lvl2/emlp_zc/2026-09-28_15-15_j8104525_p2829549,finetune,,,,,,0.6131316603643864
lincs,no_pretrain,lvl2,etf,etf,1,0.3043657614300447,0.3043657614300447,,,9.0,2.37308,10000.0,10000.0,0.000618,0.0106,27,NVIDIA RTX 6000 Ada Generation,8109664,out/L_lvl2_etf_raw_s1_20261001_1453.out,2026-10-01_14-54_s1,results/lincs/finetune/no_pretrain/lvl2/etf/2026-10-01_14-54_s1,finetune,,,,,,0.30312822275696116
lincs,no_pretrain,lvl2,etf,etf_zc,1,0.4176693021656927,0.4176693021656927,,,9.0,1.9305425,10000.0,10000.0,0.000618,0.0106,27,NVIDIA RTX 6000 Ada Generation,8109665,out/L_lvl2_etf_zc_s1_20261001_1453.out,2026-10-01_14-54_s1,results/lincs/finetune/no_pretrain/lvl2/etf_zc/2026-10-01_14-54_s1,finetune,,,,,,0.4209694052939154
lincs,no_pretrain,lvl2,rlog,rlog,1,0.5643863870745961,0.5650739085596425,,,32.0,1.539283,40000.0,40000.0,0.001,0.1,2,NVIDIA GH200 144G HBM3e MIG 1g.18gb,8102441,out/L_lvl2_rlog_s1_20260926_1548.out,2026-09-26_15-59_s1,results/lincs/finetune/no_pretrain/lvl2/rlog/2026-09-26_15-59_s1,finetune,,,,,,
lincs,no_pretrain,lvl2,rlog,rlog,2,0.566311447232726,0.5592299759367481,,,32.0,1.5294678,40000.0,40000.0,0.001,0.1,2,NVIDIA GH200 144G HBM3e MIG 1g.18gb,8102447,out/L_lvl2_rlog_s2_20260926_1548.out,2026-09-26_16-12_s2,results/lincs/finetune/no_pretrain/lvl2/rlog/2026-09-26_16-12_s2,finetune,,,,,,
lincs,no_pretrain,lvl2,rlog,rlog,3,0.5654176693021656,0.5657614300446889,,,33.0,1.5583724,40000.0,40000.0,0.001,0.1,1,NVIDIA GH200 144G HBM3e MIG 1g.18gb,8102453,out/L_lvl2_rlog_s3_20260926_1548.out,2026-09-26_16-24_s3,results/lincs/finetune/no_pretrain/lvl2/rlog/2026-09-26_16-24_s3,finetune,,,,,,
tahoe_pb,no_pretrain,lvl1,emlp,emlp_full_zc,1,1.0,1.0,,,63.0,0.002173277,40000.0,40000.0,4.1656e-5,0.194,18,NVIDIA RTX 6000 Ada Generation,8107983,out/TPB_lvl1_emlp_full_s1_20260930_2041.out,2026-09-30_20-48_j8107983_p764584_s1,results/tahoe/pb/finetune/no_pretrain/lvl1/emlp_full_zc/2026-09-30_20-48_j8107983_p764584_s1,finetune,,,,,,0.9998419222257351
tahoe_pb,no_pretrain,lvl1,emlp,emlp_full_zc,2,0.9998419222257351,0.9998419222257351,,,20.0,0.0020742447,40000.0,40000.0,4.1656e-5,0.194,18,NVIDIA RTX 6000 Ada Generation,8107995,out/TPB_lvl1_emlp_full_s2_20260930_2041.out,2026-09-30_21-24_j8107995_p766474_s2,results/tahoe/pb/finetune/no_pretrain/lvl1/emlp_full_zc/2026-09-30_21-24_j8107995_p766474_s2,finetune,,,,,,0.9998419222257351
tahoe_pb,no_pretrain,lvl1,emlp,emlp_full_zc,3,0.9998419222257351,1.0,,,10.0,0.006288369,40000.0,40000.0,4.1656e-5,0.194,18,NVIDIA RTX 6000 Ada Generation,8108007,out/TPB_lvl1_emlp_full_s3_20260930_2041.out,2026-09-30_22-01_j8108007_p768198_s3,results/tahoe/pb/finetune/no_pretrain/lvl1/emlp_full_zc/2026-09-30_22-01_j8108007_p768198_s3,finetune,,,,,,0.9995257666772052
tahoe_pb,no_pretrain,lvl1,emlp,emlp_zc,1,1.0,1.0,,,35.0,2.519276e-7,40000.0,40000.0,0.00013053,0.2694,2,NVIDIA GH200 144G HBM3e MIG 1g.18gb,8107981,out/TPB_lvl1_emlp_s1_20260930_2041.out,2026-09-30_20-50_j8107981_p2983686_s1,results/tahoe/pb/finetune/no_pretrain/lvl1/emlp_zc/2026-09-30_20-50_j8107981_p2983686_s1,finetune,,,,,,1.0
tahoe_pb,no_pretrain,lvl1,emlp,emlp_zc,2,0.9998419222257351,0.9998419222257351,,,72.0,3.8056058e-8,40000.0,40000.0,0.00013053,0.2694,2,NVIDIA GH200 144G HBM3e MIG 1g.18gb,8107993,out/TPB_lvl1_emlp_s2_20260930_2041.out,2026-09-30_22-37_j8107993_p2989144_s2,results/tahoe/pb/finetune/no_pretrain/lvl1/emlp_zc/2026-09-30_22-37_j8107993_p2989144_s2,finetune,,,,,,1.0
tahoe_pb,no_pretrain,lvl1,emlp,emlp_zc,3,1.0,1.0,,,80.0,0.00015666433,40000.0,40000.0,0.00013053,0.2694,2,NVIDIA GH200 144G HBM3e MIG 1g.18gb,8108005,out/TPB_lvl1_emlp_s3_20260930_2041.out,2026-10-01_00-25_j8108005_p2999692_s3,results/tahoe/pb/finetune/no_pretrain/lvl1/emlp_zc/2026-10-01_00-25_j8108005_p2999692_s3,finetune,,,,,,1.0
tahoe_pb,no_pretrain,lvl1,rlog,rlog_binary,,1.0,1.0,,,79.0,3.013079e-5,40000.0,40000.0,0.001,0.1,4,NVIDIA RTX 6000 Ada Generation,8102366,out/archive/enc_lvl1_binary_20260926_1339.out,2026-09-26_14-36,results/tahoe/pb/finetune/no_pretrain/lvl1/rlog_binary/2026-09-26_14-36,finetune,,,,,,
tahoe_pb,no_pretrain,lvl1,rlog,rlog_logrank,,0.9998419222257351,0.9998419222257351,,,79.0,6.606478e-6,40000.0,40000.0,0.001,0.1,5,NVIDIA RTX 6000 Ada Generation,8102365,out/archive/enc_lvl1_logrank_20260926_1339.out,2026-09-26_14-13,results/tahoe/pb/finetune/no_pretrain/lvl1/rlog_logrank/2026-09-26_14-13,finetune,,,,,,
tahoe_pb,no_pretrain,lvl1,rlog,rlog_recip,,0.9998419222257351,0.9998419222257351,,,40.0,0.0012152811,40000.0,40000.0,0.001,0.1,4,NVIDIA RTX 6000 Ada Generation,8102367,out/archive/enc_lvl1_recip_20260926_1339.out,2026-09-26_14-36,results/tahoe/pb/finetune/no_pretrain/lvl1/rlog_recip/2026-09-26_14-36,finetune,,,,,,
tahoe_pb,no_pretrain,lvl2,elog,elog,1,0.8529936719130293,0.8529936719130293,,,82.0,0.6276457,40000.0,40000.0,0.001,0.1,2,NVIDIA GH200 144G HBM3e MIG 1g.18gb,8102436,out/TPB_lvl2_elog_s1_20260926_1548.out,2026-09-26_15-53_s1,results/tahoe/pb/finetune/no_pretrain/lvl2/elog/2026-09-26_15-53_s1,finetune,,,,,,
tahoe_pb,no_pretrain,lvl2,elog,elog,2,0.8573746552003895,0.8573746552003895,,,82.0,0.6654497,40000.0,40000.0,0.001,0.1,1,NVIDIA GH200 144G HBM3e MIG 1g.18gb,8102442,out/TPB_lvl2_elog_s2_20260926_1548.out,2026-09-26_16-01_s2,results/tahoe/pb/finetune/no_pretrain/lvl2/elog/2026-09-26_16-01_s2,finetune,,,,,,
tahoe_pb,no_pretrain,lvl2,elog,elog,3,0.8586727243225701,0.8489372059062145,,,78.0,0.63361096,40000.0,40000.0,0.001,0.1,2,NVIDIA RTX 6000 Ada Generation,8102448,out/TPB_lvl2_elog_s3_20260926_1548.out,2026-09-26_17-08_s3,results/tahoe/pb/finetune/no_pretrain/lvl2/elog/2026-09-26_17-08_s3,finetune,,,,,,
tahoe_pb,no_pretrain,lvl2,elog,elog,,0.8586727243225701,0.8516956027908487,,,81.0,0.62322146,40000.0,40000.0,0.001,0.1,2,NVIDIA GeForce RTX 2080 Ti,8102421,out/TPB_lvl2_elog_20260926_1524.out,2026-09-26_15-25,results/tahoe/pb/finetune/no_pretrain/lvl2/elog/2026-09-26_15-25,finetune,,,,,,
tahoe_pb,no_pretrain,lvl2,elog,elog_full,1,0.8258964789875061,0.8002596138244361,,,72.0,0.97447497,40000.0,40000.0,0.001,0.1,3,NVIDIA GH200 144G HBM3e MIG 1g.18gb,8102437,out/TPB_lvl2_elog_full_s1_20260926_1548.out,2026-09-26_15-55_s1,results/tahoe/pb/finetune/no_pretrain/lvl2/elog_full/2026-09-26_15-55_s1,finetune,,,,,,
tahoe_pb,no_pretrain,lvl2,elog,elog_full,2,0.8552652928768457,0.8473146195034885,,,80.0,0.8872187,40000.0,40000.0,0.001,0.1,3,NVIDIA GH200 144G HBM3e MIG 1g.18gb,8102443,out/TPB_lvl2_elog_full_s2_20260926_1548.out,2026-09-26_16-03_s2,results/tahoe/pb/finetune/no_pretrain/lvl2/elog_full/2026-09-26_16-03_s2,finetune,,,,,,
tahoe_pb,no_pretrain,lvl2,elog,elog_full,3,0.8456920331007626,0.833522635080318,,,77.0,0.92040396,40000.0,40000.0,0.001,0.1,3,NVIDIA GH200 144G HBM3e MIG 1g.18gb,8102449,out/TPB_lvl2_elog_full_s3_20260926_1548.out,2026-09-26_16-14_s3,results/tahoe/pb/finetune/no_pretrain/lvl2/elog_full/2026-09-26_16-14_s3,finetune,,,,,,
tahoe_pb,no_pretrain,lvl2,elog,elog_full_gdd_zc,1,0.43394969182075627,0.4399466933200067,,,65.0,64.52567,40000.0,40000.0,0.001,0.1,3,NVIDIA RTX 6000 Ada Generation,8104112,out/TPB_lvl2_elog_full_gdd_s1_20260928_1029.out,2026-09-28_10-29_s1,results/tahoe/pb/finetune/no_pretrain/lvl2/elog_full_gdd_zc/2026-09-28_10-29_s1,finetune,,,,,,0.38649592549476136
tahoe_pb,no_pretrain,lvl2,elog,elog_full_gdd_zc,1,0.4274529401965684,0.4274529401965684,,,81.0,70.363045,40000.0,40000.0,0.001,0.1,4,NVIDIA GH200 144G HBM3e MIG 1g.18gb,8106039,out/TPB_lvl2_elog_full_wd0_20260929_1123.out,2026-09-29_11-23_s1,results/tahoe/pb/finetune/no_pretrain/lvl2/elog_full_gdd_zc/2026-09-29_11-23_s1,finetune,,,,,,0.38682853816730417
tahoe_pb,no_pretrain,lvl2,elog,elog_full_gdd_zc,2,0.43491701919947934,0.43670680117149363,,,69.0,53.178925,40000.0,40000.0,0.001,0.1,3,NVIDIA GeForce RTX 2080 Ti,8104122,out/TPB_lvl2_elog_full_gdd_s2_20260928_1029.out,2026-09-28_10-34_s2,results/tahoe/pb/finetune/no_pretrain/lvl2/elog_full_gdd_zc/2026-09-28_10-34_s2,finetune,,,,,,0.4342512628320026
tahoe_pb,no_pretrain,lvl2,elog,elog_full_gdd_zc,3,0.41288261015808947,0.4046417759838547,,,80.0,50.9673,40000.0,40000.0,0.001,0.1,3,NVIDIA GH200 144G HBM3e MIG 1g.18gb,8104132,out/TPB_lvl2_elog_full_gdd_s3_20260928_1029.out,2026-09-28_10-37_s3,results/tahoe/pb/finetune/no_pretrain/lvl2/elog_full_gdd_zc/2026-09-28_10-37_s3,finetune,,,,,,0.4642748555792034
tahoe_pb,no_pretrain,lvl2,elog,elog_full_gdd_zc_wd0.01,1,0.4304514409461936,0.41595868732300517,,,77.0,60.9422,40000.0,40000.0,0.001,0.1,3,NVIDIA GH200 144G HBM3e MIG 1g.18gb,8106041,out/TPB_lvl2_elog_full_wd0.01_20260929_1123.out,2026-09-29_11-23_s1,results/tahoe/pb/finetune/no_pretrain/lvl2/elog_full_gdd_zc_wd0.01/2026-09-29_11-23_s1,finetune,,,,,,0.3869948445035756
tahoe_pb,no_pretrain,lvl2,elog,elog_full_gdd_zc_wd0.1,1,0.3834749292020656,0.39446943195069134,,,26.0,28.752872,40000.0,40000.0,0.001,0.1,4,NVIDIA RTX 6000 Ada Generation,8106043,out/TPB_lvl2_elog_full_wd0.1_20260929_1123.out,2026-09-29_11-23_s1,results/tahoe/pb/finetune/no_pretrain/lvl2/elog_full_gdd_zc_wd0.1/2026-09-29_11-23_s1,finetune,,,,,,0.3590553800099784
tahoe_pb,no_pretrain,lvl2,elog,elog_full_gdd_zc_wd1.0,1,0.29451940696318507,0.28219223721472597,,,33.0,14.43095,40000.0,40000.0,0.001,0.1,3,NVIDIA GeForce RTX 2080 Ti,8106045,out/TPB_lvl2_elog_full_wd1.0_20260929_1123.out,2026-09-29_11-23_s1,results/tahoe/pb/finetune/no_pretrain/lvl2/elog_full_gdd_zc_wd1.0/2026-09-29_11-23_s1,finetune,,,,,,0.2730750041576584
tahoe_pb,no_pretrain,lvl2,elog,elog_full_gs,1,0.24434683585488856,0.4288270701155035,,,3.0,5.3237324,40000.0,40000.0,0.001,0.1,3,NVIDIA GeForce RTX 2080 Ti,8103952,out/TPB_lvl2_elog_full_gs_s1_20260927_1925.out,2026-09-27_19-26_s1,results/tahoe/pb/finetune/no_pretrain/lvl2/elog_full_gs/2026-09-27_19-26_s1,finetune,,,,,,
tahoe_pb,no_pretrain,lvl2,elog,elog_full_gs,2,0.334096484055601,0.4776778413736713,,,9.0,4.3123975,40000.0,40000.0,0.001,0.1,3,NVIDIA GH200 144G HBM3e MIG 1g.18gb,8103956,out/TPB_lvl2_elog_full_gs_s2_20260927_1925.out,2026-09-27_19-26_s2,results/tahoe/pb/finetune/no_pretrain/lvl2/elog_full_gs/2026-09-27_19-26_s2,finetune,,,,,,
tahoe_pb,no_pretrain,lvl2,elog,elog_full_gs,3,0.355479563588992,0.4751669109265592,,,5.0,5.186744,40000.0,40000.0,0.001,0.1,3,NVIDIA GH200 144G HBM3e MIG 1g.18gb,8103960,out/TPB_lvl2_elog_full_gs_s3_20260927_1925.out,2026-09-27_19-31_s3,results/tahoe/pb/finetune/no_pretrain/lvl2/elog_full_gs/2026-09-27_19-31_s3,finetune,,,,,,
tahoe_pb,no_pretrain,lvl2,elog,elog_full_z,1,0.7596949537562875,0.8421223430147655,,,14.0,4.0845995,40000.0,40000.0,0.001,0.1,3,NVIDIA RTX 6000 Ada Generation,8103964,out/TPB_lvl2_elog_full_z_s1_20260927_1926.out,2026-09-27_19-33_s1,results/tahoe/pb/finetune/no_pretrain/lvl2/elog_full_z/2026-09-27_19-33_s1,finetune,,,,,,
tahoe_pb,no_pretrain,lvl2,elog,elog_full_z,2,0.6595813727080967,0.8331981177997728,,,4.0,4.2863603,40000.0,40000.0,0.001,0.1,3,NVIDIA GeForce RTX 2080 Ti,8103966,out/TPB_lvl2_elog_full_z_s2_20260927_1926.out,2026-09-27_19-34_s2,results/tahoe/pb/finetune/no_pretrain/lvl2/elog_full_z/2026-09-27_19-34_s2,finetune,,,,,,
tahoe_pb,no_pretrain,lvl2,elog,elog_full_z,3,0.7423332792471199,0.8450429985396722,,,10.0,4.1959696,40000.0,40000.0,0.001,0.1,3,NVIDIA GeForce RTX 2080 Ti,8103968,out/TPB_lvl2_elog_full_z_s3_20260927_1926.out,2026-09-27_19-36_s3,results/tahoe/pb/finetune/no_pretrain/lvl2/elog_full_z/2026-09-27_19-36_s3,finetune,,,,,,
tahoe_pb,no_pretrain,lvl2,elog,elog_full_zc,1,0.727080967061496,0.8481259127048515,,,7.0,3.8142018,40000.0,40000.0,0.001,0.1,3,NVIDIA GH200 144G HBM3e MIG 1g.18gb,8104092,out/TPB_lvl2_elog_full_zc_s1_20260928_1013.out,2026-09-28_10-13_s1,results/tahoe/pb/finetune/no_pretrain/lvl2/elog_full_zc/2026-09-28_10-13_s1,finetune,,,,,,
tahoe_pb,no_pretrain,lvl2,elog,elog_full_zc,2,0.6556871653415545,0.8413110498134025,,,3.0,4.155263,40000.0,40000.0,0.001,0.1,3,NVIDIA GeForce RTX 2080 Ti,8104097,out/TPB_lvl2_elog_full_zc_s2_20260928_1013.out,2026-09-28_10-13_s2,results/tahoe/pb/finetune/no_pretrain/lvl2/elog_full_zc/2026-09-28_10-13_s2,finetune,,,,,,
tahoe_pb,no_pretrain,lvl2,elog,elog_full_zc,3,0.7481745902969333,0.8481259127048515,,,10.0,3.9032226,40000.0,40000.0,0.001,0.1,2,NVIDIA RTX 6000 Ada Generation,8104102,out/TPB_lvl2_elog_full_zc_s3_20260928_1013.out,2026-09-28_10-16_s3,results/tahoe/pb/finetune/no_pretrain/lvl2/elog_full_zc/2026-09-28_10-16_s3,finetune,,,,,,
tahoe_pb,no_pretrain,lvl2,elog,elog_gdd_zc,1,0.4739297018157588,0.47926036981509246,,,74.0,4.6147733,40000.0,40000.0,0.001,0.1,1,NVIDIA GH200 144G HBM3e,8104111,out/TPB_lvl2_elog_gdd_s1_20260928_1029.out,2026-09-28_10-29_s1,results/tahoe/pb/finetune/no_pretrain/lvl2/elog_gdd_zc/2026-09-28_10-29_s1,finetune,,,,,,0.4821220688508232
tahoe_pb,no_pretrain,lvl2,elog,elog_gdd_zc,1,0.4739297018157588,0.47926036981509246,,,74.0,4.6147733,40000.0,40000.0,0.001,0.1,2,NVIDIA GH200 144G HBM3e,8106038,out/TPB_lvl2_elog_wd0_20260929_1123.out,2026-09-29_11-23_s1,results/tahoe/pb/finetune/no_pretrain/lvl2/elog_gdd_zc/2026-09-29_11-23_s1,finetune,,,,,,0.4821220688508232
tahoe_pb,no_pretrain,lvl2,elog,elog_gdd_zc,2,0.5224536283761796,0.534005857468272,,,78.0,3.9172115,40000.0,40000.0,0.001,0.1,2,NVIDIA RTX 6000 Ada Generation,8104121,out/TPB_lvl2_elog_gdd_s2_20260928_1029.out,2026-09-28_10-34_s2,results/tahoe/pb/finetune/no_pretrain/lvl2/elog_gdd_zc/2026-09-28_10-34_s2,finetune,,,,,,0.5056216392374124
tahoe_pb,no_pretrain,lvl2,elog,elog_gdd_zc,3,0.48368651194080053,0.4786411032626976,,,67.0,3.0865738,40000.0,40000.0,0.001,0.1,2,NVIDIA GH200 144G HBM3e,8104131,out/TPB_lvl2_elog_gdd_s3_20260928_1029.out,2026-09-28_10-37_s3,results/tahoe/pb/finetune/no_pretrain/lvl2/elog_gdd_zc/2026-09-28_10-37_s3,finetune,,,,,,0.5443903922164792
tahoe_pb,no_pretrain,lvl2,elog,elog_gdd_zc_wd0.01,1,0.48209228718973846,0.48092620356488425,,,53.0,3.982034,40000.0,40000.0,0.001,0.1,2,NVIDIA GH200 144G HBM3e MIG 1g.18gb,8106040,out/TPB_lvl2_elog_wd0.01_20260929_1123.out,2026-09-29_11-23_s1,results/tahoe/pb/finetune/no_pretrain/lvl2/elog_gdd_zc_wd0.01/2026-09-29_11-23_s1,finetune,,,,,,0.47430567104606686
tahoe_pb,no_pretrain,lvl2,elog,elog_gdd_zc_wd0.1,1,0.45543894719307015,0.46110278194236215,,,49.0,3.4186494,40000.0,40000.0,0.001,0.1,3,NVIDIA RTX 6000 Ada Generation,8106042,out/TPB_lvl2_elog_wd0.1_20260929_1123.out,2026-09-29_11-23_s1,results/tahoe/pb/finetune/no_pretrain/lvl2/elog_gdd_zc_wd0.1/2026-09-29_11-23_s1,finetune,,,,,,0.4460335938799268
tahoe_pb,no_pretrain,lvl2,elog,elog_gdd_zc_wd1.0,1,0.2178910544727636,0.2232217224720973,,,34.0,4.338645,40000.0,40000.0,0.001,0.1,2,NVIDIA GeForce RTX 2080 Ti,8106044,out/TPB_lvl2_elog_wd1.0_20260929_1123.out,2026-09-29_11-23_s1,results/tahoe/pb/finetune/no_pretrain/lvl2/elog_gdd_zc_wd1.0/2026-09-29_11-23_s1,finetune,,,,,,0.19491102611009478
tahoe_pb,no_pretrain,lvl2,elog,elog_gs,1,0.46006181877338537,0.47893281275418903,,,52.0,3.8616939,40000.0,40000.0,0.001,0.1,2,NVIDIA RTX 6000 Ada Generation,8103951,out/TPB_lvl2_elog_gs_s1_20260927_1925.out,2026-09-27_19-26_s1,results/tahoe/pb/finetune/no_pretrain/lvl2/elog_gs/2026-09-27_19-26_s1,finetune,,,,,,
tahoe_pb,no_pretrain,lvl2,elog,elog_gs,2,0.44938675388389204,0.4951757972199509,,,50.0,3.0463903,40000.0,40000.0,0.001,0.1,2,NVIDIA GeForce RTX 2080 Ti,8103955,out/TPB_lvl2_elog_gs_s2_20260927_1925.out,2026-09-27_19-26_s2,results/tahoe/pb/finetune/no_pretrain/lvl2/elog_gs/2026-09-27_19-26_s2,finetune,,,,,,
tahoe_pb,no_pretrain,lvl2,elog,elog_gs,3,0.49812734082397003,0.4943820224719101,,,59.0,3.8971992,40000.0,40000.0,0.001,0.1,1,NVIDIA GeForce RTX 2080 Ti,8103959,out/TPB_lvl2_elog_gs_s3_20260927_1925.out,2026-09-27_19-30_s3,results/tahoe/pb/finetune/no_pretrain/lvl2/elog_gs/2026-09-27_19-30_s3,finetune,,,,,,
tahoe_pb,no_pretrain,lvl2,elog,elog_z,1,0.9466169073503164,0.9420736654226838,,,80.0,0.20558569,40000.0,40000.0,0.001,0.1,2,NVIDIA GeForce RTX 2080 Ti,8103963,out/TPB_lvl2_elog_z_s1_20260927_1926.out,2026-09-27_19-32_s1,results/tahoe/pb/finetune/no_pretrain/lvl2/elog_z/2026-09-27_19-32_s1,finetune,,,,,,
tahoe_pb,no_pretrain,lvl2,elog,elog_z,2,0.9540808048028557,0.9492130455946779,,,79.0,0.22495505,40000.0,40000.0,0.001,0.1,2,NVIDIA GeForce RTX 2080 Ti,8103965,out/TPB_lvl2_elog_z_s2_20260927_1926.out,2026-09-27_19-34_s2,results/tahoe/pb/finetune/no_pretrain/lvl2/elog_z/2026-09-27_19-34_s2,finetune,,,,,,
tahoe_pb,no_pretrain,lvl2,elog,elog_z,3,0.9545675807236735,0.9500243387960409,,,80.0,0.20118038,40000.0,40000.0,0.001,0.1,2,NVIDIA GH200 144G HBM3e MIG 1g.18gb,8103967,out/TPB_lvl2_elog_z_s3_20260927_1926.out,2026-09-27_19-35_s3,results/tahoe/pb/finetune/no_pretrain/lvl2/elog_z/2026-09-27_19-35_s3,finetune,,,,,,
tahoe_pb,no_pretrain,lvl2,elog,elog_zc,1,0.9462923900697712,0.9398020444588674,,,80.0,0.20933408,40000.0,40000.0,0.001,0.1,2,NVIDIA GH200 144G HBM3e,8104107,out/TPB_lvl2_elog_zc_s1_20260928_1013.out,2026-09-28_10-17_s1,results/tahoe/pb/finetune/no_pretrain/lvl2/elog_zc/2026-09-28_10-17_s1,finetune,,,,,,
tahoe_pb,no_pretrain,lvl2,emlp,emlp,1,0.9448320623073179,0.9360700957325978,,,20.0,0.18536572,10000.0,10000.0,0.0001,0.06,1,NVIDIA GeForce RTX 2080 Ti,,,2026-09-27_12-09,results/tahoe/pb/finetune/no_pretrain/lvl2/emlp/2026-09-27_12-09,finetune,,,,,,
tahoe_pb,no_pretrain,lvl2,emlp,emlp,1,0.8907999350965439,0.8907999350965439,,,21.0,0.39798236,10000.0,10000.0,0.0001,0.06,1,NVIDIA GeForce RTX 2080 Ti,,,2026-09-27_12-13,results/tahoe/pb/finetune/no_pretrain/lvl2/emlp/2026-09-27_12-13,finetune,,,,,,
tahoe_pb,no_pretrain,lvl2,emlp,emlp,1,0.883173779003732,0.883173779003732,,,21.0,0.4610636,10000.0,10000.0,0.0001,0.06,1,NVIDIA GeForce RTX 2080 Ti,,,2026-09-27_12-17,results/tahoe/pb/finetune/no_pretrain/lvl2/emlp/2026-09-27_12-17,finetune,,,,,,
tahoe_pb,no_pretrain,lvl2,emlp,emlp,1,0.9222781113094273,0.9222781113094273,,,21.0,0.29674056,10000.0,10000.0,0.0001,0.06,1,NVIDIA GeForce RTX 2080 Ti,,,2026-09-27_12-22,results/tahoe/pb/finetune/no_pretrain/lvl2/emlp/2026-09-27_12-22,finetune,,,,,,
tahoe_pb,no_pretrain,lvl2,emlp,emlp,1,0.891935745578452,0.8794418302774623,,,19.0,0.346424,10000.0,10000.0,0.0001,0.06,1,NVIDIA GeForce RTX 2080 Ti,,,2026-09-27_12-26,results/tahoe/pb/finetune/no_pretrain/lvl2/emlp/2026-09-27_12-26,finetune,,,,,,
tahoe_pb,no_pretrain,lvl2,emlp,emlp,1,0.8390394288495863,0.8036670452701606,,,19.0,0.51801616,10000.0,10000.0,0.0001,0.06,1,NVIDIA GeForce RTX 2080 Ti,,,2026-09-27_12-30,results/tahoe/pb/finetune/no_pretrain/lvl2/emlp/2026-09-27_12-30,finetune,,,,,,
tahoe_pb,no_pretrain,lvl2,emlp,emlp,1,0.8380658770079507,0.8299529449943209,,,20.0,0.5540902,10000.0,10000.0,0.0001,0.06,1,NVIDIA GeForce RTX 2080 Ti,,,2026-09-27_12-34,results/tahoe/pb/finetune/no_pretrain/lvl2/emlp/2026-09-27_12-34,finetune,,,,,,
tahoe_pb,no_pretrain,lvl2,emlp,emlp,1,0.019633295472983935,0.027583968846341067,,,13.0,4.6560416,10000.0,10000.0,0.001,0.06,2,NVIDIA GeForce RTX 2080 Ti,,,2026-09-27_12-38,results/tahoe/pb/finetune/no_pretrain/lvl2/emlp/2026-09-27_12-38,finetune,,,,,,
tahoe_pb,no_pretrain,lvl2,emlp,emlp,1,0.02515008924225215,0.025312347882524743,,,19.0,4.6425714,10000.0,10000.0,0.001,0.06,2,NVIDIA GeForce RTX 2080 Ti,8103537,,2026-09-27_12-42_j8103537_p225758,results/tahoe/pb/finetune/no_pretrain/lvl2/emlp/2026-09-27_12-42_j8103537_p225758,finetune,,,,,,
tahoe_pb,no_pretrain,lvl2,emlp,emlp,1,0.0025961382443615124,0.0025961382443615124,,,20.0,5.9287305,10000.0,10000.0,0.001,0.06,1,NVIDIA GeForce RTX 2080 Ti,8103537,,2026-09-27_12-47_j8103537_p226313,results/tahoe/pb/finetune/no_pretrain/lvl2/emlp/2026-09-27_12-47_j8103537_p226313,finetune,,,,,,
tahoe_pb,no_pretrain,lvl2,emlp,emlp,1,0.9772837903618368,0.979555411325653,,,80.0,0.0618417,40000.0,40000.0,0.0005,0.06,2,NVIDIA RTX 6000 Ada Generation,8104093,out/TPB_lvl2_emlp_s1_20260928_1013.out,2026-09-28_10-13_j8104093_p485632_s1,results/tahoe/pb/finetune/no_pretrain/lvl2/emlp/2026-09-28_10-13_j8104093_p485632_s1,finetune,,,,,,
tahoe_pb,no_pretrain,lvl2,emlp,emlp,2,0.9485640110335876,0.9485640110335876,,,21.0,0.19052114,10000.0,10000.0,0.0001,0.06,1,NVIDIA GeForce RTX 2080 Ti,,,2026-09-27_12-11,results/tahoe/pb/finetune/no_pretrain/lvl2/emlp/2026-09-27_12-11,finetune,,,,,,
tahoe_pb,no_pretrain,lvl2,emlp,emlp,2,0.8885283141327276,0.8961544702255395,,,20.0,0.4317501,10000.0,10000.0,0.0001,0.06,1,NVIDIA GeForce RTX 2080 Ti,,,2026-09-27_12-15,results/tahoe/pb/finetune/no_pretrain/lvl2/emlp/2026-09-27_12-15,finetune,,,,,,
tahoe_pb,no_pretrain,lvl2,emlp,emlp,2,0.8940451079019958,0.8940451079019958,,,21.0,0.432325,10000.0,10000.0,0.0001,0.06,1,NVIDIA GeForce RTX 2080 Ti,,,2026-09-27_12-19,results/tahoe/pb/finetune/no_pretrain/lvl2/emlp/2026-09-27_12-19,finetune,,,,,,
tahoe_pb,no_pretrain,lvl2,emlp,emlp,2,0.017686191789712803,0.012169398020444588,,,20.0,4.7447605,10000.0,10000.0,0.001,0.06,1,NVIDIA GeForce RTX 2080 Ti,,,2026-09-27_12-20,results/tahoe/pb/finetune/no_pretrain/lvl2/emlp/2026-09-27_12-20,finetune,,,,,,
tahoe_pb,no_pretrain,lvl2,emlp,emlp,2,0.0025961382443615124,0.0017848450429985396,,,7.0,5.929155,10000.0,10000.0,0.001,0.06,1,NVIDIA GeForce RTX 2080 Ti,,,2026-09-27_12-24,results/tahoe/pb/finetune/no_pretrain/lvl2/emlp/2026-09-27_12-24,finetune,,,,,,
tahoe_pb,no_pretrain,lvl2,emlp,emlp,2,0.6668830115203634,0.6668830115203634,,,21.0,1.1188512,10000.0,10000.0,0.001,0.06,1,NVIDIA GeForce RTX 2080 Ti,,,2026-09-27_12-28,results/tahoe/pb/finetune/no_pretrain/lvl2/emlp/2026-09-27_12-28,finetune,,,,,,
tahoe_pb,no_pretrain,lvl2,emlp,emlp,2,0.09346097679701444,0.09346097679701444,,,21.0,3.5395849,10000.0,10000.0,0.001,0.06,1,NVIDIA GeForce RTX 2080 Ti,,,2026-09-27_12-32,results/tahoe/pb/finetune/no_pretrain/lvl2/emlp/2026-09-27_12-32,finetune,,,,,,
tahoe_pb,no_pretrain,lvl2,emlp,emlp,2,0.7916599058899887,0.7916599058899887,,,21.0,0.703275,10000.0,10000.0,0.0001,0.06,1,NVIDIA GeForce RTX 2080 Ti,,,2026-09-27_12-36,results/tahoe/pb/finetune/no_pretrain/lvl2/emlp/2026-09-27_12-36,finetune,,,,,,
tahoe_pb,no_pretrain,lvl2,emlp,emlp,2,0.8612688625669317,0.856725620639299,,,20.0,0.43716463,10000.0,10000.0,0.0001,0.06,1,NVIDIA GeForce RTX 2080 Ti,,,2026-09-27_12-40,results/tahoe/pb/finetune/no_pretrain/lvl2/emlp/2026-09-27_12-40,finetune,,,,,,
tahoe_pb,no_pretrain,lvl2,emlp,emlp,2,0.022067175077072853,0.014765536264806102,,,14.0,4.6328044,10000.0,10000.0,0.001,0.06,2,NVIDIA GeForce RTX 2080 Ti,8103537,,2026-09-27_12-44_j8103537_p226037,results/tahoe/pb/finetune/no_pretrain/lvl2/emlp/2026-09-27_12-44_j8103537_p226037,finetune,,,,,,
tahoe_pb,no_pretrain,lvl2,emlp,emlp,2,0.13256530910270972,0.1246146357293526,,,19.0,3.2793543,10000.0,10000.0,0.001,0.06,2,NVIDIA GeForce RTX 2080 Ti,8103537,,2026-09-27_12-49_j8103537_p226568,results/tahoe/pb/finetune/no_pretrain/lvl2/emlp/2026-09-27_12-49_j8103537_p226568,finetune,,,,,,
tahoe_pb,no_pretrain,lvl2,emlp,emlp,2,0.9815025150089243,0.9764724971604738,,,74.0,0.05780768,40000.0,40000.0,0.0005,0.06,2,NVIDIA GeForce RTX 2080 Ti,8104098,out/TPB_lvl2_emlp_s2_20260928_1013.out,2026-09-28_10-13_j8104098_p248512_s2,results/tahoe/pb/finetune/no_pretrain/lvl2/emlp/2026-09-28_10-13_j8104098_p248512_s2,finetune,,,,,,
tahoe_pb,no_pretrain,lvl2,emlp,emlp,3,0.9852344637351939,0.9798799286061983,,,73.0,0.047213696,40000.0,40000.0,0.0005,0.06,2,NVIDIA GeForce RTX 2080 Ti,8104103,out/TPB_lvl2_emlp_s3_20260928_1013.out,2026-09-28_10-16_j8104103_p164887_s3,results/tahoe/pb/finetune/no_pretrain/lvl2/emlp/2026-09-28_10-16_j8104103_p164887_s3,finetune,,,,,,
tahoe_pb,no_pretrain,lvl2,emlp,emlp_full_gdd_zc,1,0.8012660336498417,0.8104281192736965,,,79.0,14.429186,40000.0,40000.0,0.00016827,0.226,3,NVIDIA RTX 6000 Ada Generation,8107987,out/TPB_lvl2_emlp_full_gdd_s1_20260930_2041.out,2026-09-30_21-07_j8107987_p765445_s1,results/tahoe/pb/finetune/no_pretrain/lvl2/emlp_full_gdd_zc/2026-09-30_21-07_j8107987_p765445_s1,finetune,,,,,,0.7615167137867953
tahoe_pb,no_pretrain,lvl2,emlp,emlp_full_gdd_zc,2,0.8262284412626099,0.8260657338106085,,,78.0,10.76405,40000.0,40000.0,0.00016827,0.226,3,NVIDIA RTX 6000 Ada Generation,8107999,out/TPB_lvl2_emlp_full_gdd_s2_20260930_2041.out,2026-09-30_21-42_j8107999_p767131_s2,results/tahoe/pb/finetune/no_pretrain/lvl2/emlp_full_gdd_zc/2026-09-30_21-42_j8107999_p767131_s2,finetune,,,,,,0.7902884145347889
tahoe_pb,no_pretrain,lvl2,emlp,emlp_full_gdd_zc,3,0.7771611167171207,0.7778338378742011,,,76.0,7.4267545,40000.0,40000.0,0.00016827,0.226,4,NVIDIA RTX 6000 Ada Generation,8108011,out/TPB_lvl2_emlp_full_gdd_s3_20260930_2041.out,2026-09-30_22-20_j8108011_p768835_s3,results/tahoe/pb/finetune/no_pretrain/lvl2/emlp_full_gdd_zc/2026-09-30_22-20_j8108011_p768835_s3,finetune,,,,,,0.7972027972027972
tahoe_pb,no_pretrain,lvl2,emlp,emlp_full_gdd_zc,,0.5582435791217896,0.5627174813587407,,,18.0,86.83349,10000.0,10000.0,0.0004464010760209635,0.10740179952815136,2,NVIDIA RTX 6000 Ada Generation,8104532,,2026-09-28_15-09_j8104532_p523342,results/tahoe/pb/finetune/no_pretrain/lvl2/emlp_full_gdd_zc/2026-09-28_15-09_j8104532_p523342,finetune,,,,,,0.6157238442822385
tahoe_pb,no_pretrain,lvl2,emlp,emlp_full_gdd_zc,,0.7880991735537191,0.7847933884297521,,,20.0,2.76052,10000.0,10000.0,2.163988618871195e-5,0.2310701425237358,2,NVIDIA RTX 6000 Ada Generation,8104532,,2026-09-28_15-12_j8104532_p523712,results/tahoe/pb/finetune/no_pretrain/lvl2/emlp_full_gdd_zc/2026-09-28_15-12_j8104532_p523712,finetune,,,,,,0.7648558228453083
tahoe_pb,no_pretrain,lvl2,emlp,emlp_full_gdd_zc,,0.7197943444730077,0.7135282776349614,,,19.0,2.6738691,10000.0,10000.0,7.7292827940857e-5,0.2035409044154892,2,NVIDIA RTX 6000 Ada Generation,8104533,,2026-09-28_15-17_j8104533_p524335,results/tahoe/pb/finetune/no_pretrain/lvl2/emlp_full_gdd_zc/2026-09-28_15-17_j8104533_p524335,finetune,,,,,,0.7802846233946547
tahoe_pb,no_pretrain,lvl2,emlp,emlp_full_gdd_zc,,0.7731362467866324,0.7888817480719794,,,18.0,4.586737,10000.0,10000.0,0.0001517423688522374,0.26786374225863013,2,NVIDIA RTX 6000 Ada Generation,8104533,,2026-09-28_15-20_j8104533_p524658,results/tahoe/pb/finetune/no_pretrain/lvl2/emlp_full_gdd_zc/2026-09-28_15-20_j8104533_p524658,finetune,,,,,,0.7481917577796467
tahoe_pb,no_pretrain,lvl2,emlp,emlp_full_gdd_zc,,0.8204202232435982,0.8243598161523309,,,20.0,8.073331,10000.0,10000.0,0.00016128470555246688,0.21821726648864004,2,NVIDIA RTX 6000 Ada Generation,8104533,,2026-09-28_15-22_j8104533_p525009,results/tahoe/pb/finetune/no_pretrain/lvl2/emlp_full_gdd_zc/2026-09-28_15-22_j8104533_p525009,finetune,,,,,,0.6883097318469419
tahoe_pb,no_pretrain,lvl2,emlp,emlp_full_gdd_zc,,0.7059970745977572,0.6678043230944255,,,19.0,5.0064864,10000.0,10000.0,0.0004948293893662514,0.2758759468455359,2,NVIDIA RTX 6000 Ada Generation,8104532,,2026-09-28_15-23_j8104532_p525065,results/tahoe/pb/finetune/no_pretrain/lvl2/emlp_full_gdd_zc/2026-09-28_15-23_j8104532_p525065,finetune,,,,,,0.7775143921435828
tahoe_pb,no_pretrain,lvl2,emlp,emlp_full_gdd_zc,,0.7839588176685487,0.781634008635005,,,17.0,2.412145,10000.0,10000.0,0.00014082172055374898,0.2580556477286338,2,NVIDIA RTX 6000 Ada Generation,8104532,,2026-09-28_15-25_j8104532_p525413,results/tahoe/pb/finetune/no_pretrain/lvl2/emlp_full_gdd_zc/2026-09-28_15-25_j8104532_p525413,finetune,,,,,,0.7895904436860068
tahoe_pb,no_pretrain,lvl2,emlp,emlp_full_gdd_zc,,0.6298873426110007,0.6255798542080848,,,20.0,2.6030412,10000.0,10000.0,3.067764713392953e-5,0.2105780954238877,2,NVIDIA RTX 6000 Ada Generation,8104533,,2026-09-28_15-25_j8104533_p525358,results/tahoe/pb/finetune/no_pretrain/lvl2/emlp_full_gdd_zc/2026-09-28_15-25_j8104533_p525358,finetune,,,,,,0.625366807955657
tahoe_pb,no_pretrain,lvl2,emlp,emlp_full_gdd_zc,,0.673469387755102,0.6757369614512472,,,20.0,3.2759204,10000.0,10000.0,0.00016827040970421978,0.22603265795822935,2,NVIDIA RTX 6000 Ada Generation,8104532,,2026-09-28_15-28_j8104532_p525743,results/tahoe/pb/finetune/no_pretrain/lvl2/emlp_full_gdd_zc/2026-09-28_15-28_j8104532_p525743,finetune,,,,,,0.8154859967051071
tahoe_pb,no_pretrain,lvl2,emlp,emlp_full_gdd_zc,,0.8242902738115236,0.8249622039307912,,,20.0,6.702671,10000.0,10000.0,0.0002981635209849466,0.2709296211372423,2,NVIDIA RTX 6000 Ada Generation,8104533,,2026-09-28_15-28_j8104533_p525708,results/tahoe/pb/finetune/no_pretrain/lvl2/emlp_full_gdd_zc/2026-09-28_15-28_j8104533_p525708,finetune,,,,,,0.7368933614672942
tahoe_pb,no_pretrain,lvl2,emlp,emlp_full_gdd_zc,,0.0,0.008017370970435945,,,2.0,5.9450483,10000.0,10000.0,0.0057805306925425605,0.2743407446077872,2,NVIDIA RTX 6000 Ada Generation,8104532,,2026-09-28_15-33_j8104532_p526379,results/tahoe/pb/finetune/no_pretrain/lvl2/emlp_full_gdd_zc/2026-09-28_15-33_j8104532_p526379,finetune,,,,,,0.013741769252791297
tahoe_pb,no_pretrain,lvl2,emlp,emlp_full_gdd_zc,,0.7978598896505601,0.7978598896505601,,,21.0,2.787084,10000.0,10000.0,5.238373237457786e-5,0.21750178039364496,2,NVIDIA RTX 6000 Ada Generation,8104532,,2026-09-28_15-36_j8104532_p526738,results/tahoe/pb/finetune/no_pretrain/lvl2/emlp_full_gdd_zc/2026-09-28_15-36_j8104532_p526738,finetune,,,,,,0.783857264231096
tahoe_pb,no_pretrain,lvl2,emlp,emlp_full_zc,,0.9829628427713776,0.9810157390881065,,,20.0,0.058216922,10000.0,10000.0,2.8523249140647953e-5,0.17065596369362654,2,NVIDIA GH200 144G HBM3e MIG 1g.18gb,8104257,,2026-09-28_11-30_j8104257_p2814634,results/tahoe/pb/finetune/no_pretrain/lvl2/emlp_full_zc/2026-09-28_11-30_j8104257_p2814634,finetune,,,,,,0.9823138082102872
tahoe_pb,no_pretrain,lvl2,emlp,emlp_full_zc,,0.9909135161447347,0.9920493266266429,,,19.0,0.034323353,10000.0,10000.0,2.7420283763031585e-5,0.2182880585572477,2,NVIDIA GH200 144G HBM3e MIG 1g.18gb,8104257,,2026-09-28_11-36_j8104257_p2815217,results/tahoe/pb/finetune/no_pretrain/lvl2/emlp_full_zc/2026-09-28_11-36_j8104257_p2815217,finetune,,,,,,0.9922115852669154
tahoe_pb,no_pretrain,lvl2,emlp,emlp_full_zc,,0.9852344637351939,0.9810157390881065,,,19.0,0.05143727,10000.0,10000.0,0.0006403147153919173,0.056719369743785,2,NVIDIA GH200 144G HBM3e,8104258,,2026-09-28_11-39_j8104258_p2815532,results/tahoe/pb/finetune/no_pretrain/lvl2/emlp_full_zc/2026-09-28_11-39_j8104258_p2815532,finetune,,,,,,0.9852344637351939
tahoe_pb,no_pretrain,lvl2,emlp,emlp_full_zc,,0.9815025150089243,0.9815025150089243,,,20.0,0.042884402,10000.0,10000.0,0.00029779105925869853,0.25914908092702665,2,NVIDIA GH200 144G HBM3e,8104258,,2026-09-28_11-41_j8104258_p2815841,results/tahoe/pb/finetune/no_pretrain/lvl2/emlp_full_zc/2026-09-28_11-41_j8104258_p2815841,finetune,,,,,,0.9857212396560117
tahoe_pb,no_pretrain,lvl2,emlp,emlp_full_zc,,0.993185137108551,0.9930228784682784,,,19.0,0.022356566,10000.0,10000.0,4.843277672215182e-5,0.23770563257913865,2,NVIDIA GH200 144G HBM3e,8104258,,2026-09-28_11-44_j8104258_p2816083,results/tahoe/pb/finetune/no_pretrain/lvl2/emlp_full_zc/2026-09-28_11-44_j8104258_p2816083,finetune,,,,,,0.993185137108551
tahoe_pb,no_pretrain,lvl2,emlp,emlp_full_zc,,0.9936719130293689,0.990426740223917,,,20.0,0.028982963,10000.0,10000.0,0.0002039764391028546,0.2471741935709048,2,NVIDIA GH200 144G HBM3e MIG 1g.18gb,8104257,,2026-09-28_11-45_j8104257_p2816137,results/tahoe/pb/finetune/no_pretrain/lvl2/emlp_full_zc/2026-09-28_11-45_j8104257_p2816137,finetune,,,,,,0.9920493266266429
tahoe_pb,no_pretrain,lvl2,emlp,emlp_full_zc,,0.19373681648547786,0.19373681648547786,,,21.0,2.9341843,10000.0,10000.0,0.0019213823411538663,0.15058744430759652,2,NVIDIA GH200 144G HBM3e MIG 1g.18gb,8104257,,2026-09-28_11-47_j8104257_p2816360,results/tahoe/pb/finetune/no_pretrain/lvl2/emlp_full_zc/2026-09-28_11-47_j8104257_p2816360,finetune,,,,,,0.18416355670939477
tahoe_pb,no_pretrain,lvl2,emlp,emlp_full_zc,,0.9764724971604738,0.975985721239656,,,20.0,0.07637171,10000.0,10000.0,1.876286017820317e-5,0.2711689517269268,2,NVIDIA GH200 144G HBM3e,8104258,,2026-09-28_11-50_j8104258_p2816563,results/tahoe/pb/finetune/no_pretrain/lvl2/emlp_full_zc/2026-09-28_11-50_j8104258_p2816563,finetune,,,,,,0.976797014441019
tahoe_pb,no_pretrain,lvl2,emlp,emlp_full_zc,,0.9472659419114068,0.9472659419114068,,,21.0,0.19829166,10000.0,10000.0,1.754089068848273e-5,0.216291882771841,2,NVIDIA GH200 144G HBM3e,8104258,,2026-09-28_11-53_j8104258_p2816850,results/tahoe/pb/finetune/no_pretrain/lvl2/emlp_full_zc/2026-09-28_11-53_j8104258_p2816850,finetune,,,,,,0.9461301314294986
tahoe_pb,no_pretrain,lvl2,emlp,emlp_full_zc,,0.9871815674184651,0.9787441181242901,,,16.0,0.052104548,10000.0,10000.0,0.0002115594655335044,0.013243592304928817,1,NVIDIA GH200 144G HBM3e MIG 1g.18gb,8104257,,2026-09-28_11-54_j8104257_p2816968,results/tahoe/pb/finetune/no_pretrain/lvl2/emlp_full_zc/2026-09-28_11-54_j8104257_p2816968,finetune,,,,,,0.9865325328573746
tahoe_pb,no_pretrain,lvl2,emlp,emlp_full_zc,,0.9873438260587376,0.9858834982962843,,,20.0,0.030418618,10000.0,10000.0,0.0001205573295793944,0.04745011257700331,1,NVIDIA GH200 144G HBM3e MIG 1g.18gb,8104257,out/TPB_emlp_full_lvl2_8g1kkooz_20260928_1122.out,2026-09-28_11-56_j8104257_p2817191,results/tahoe/pb/finetune/no_pretrain/lvl2/emlp_full_zc/2026-09-28_11-56_j8104257_p2817191,finetune,,,,,,0.989615447022554
tahoe_pb,no_pretrain,lvl2,emlp,emlp_full_zc,,0.9680350478662989,0.9693331169884797,,,20.0,0.09663156,10000.0,10000.0,2.934478225308358e-5,0.06730035753084215,2,NVIDIA GH200 144G HBM3e MIG 1g.18gb,8104257,out/TPB_emlp_full_lvl2_8g1kkooz_20260928_1122.out,2026-09-28_11-58_j8104257_p2817379,results/tahoe/pb/finetune/no_pretrain/lvl2/emlp_full_zc/2026-09-28_11-58_j8104257_p2817379,finetune,,,,,,0.970793444750933
tahoe_pb,no_pretrain,lvl2,emlp,emlp_full_zc,,0.9516469251987668,0.9516469251987668,,,21.0,0.24739975,10000.0,10000.0,0.0011895856506277003,0.0170924235833266,2,NVIDIA GH200 144G HBM3e,8104258,out/TPB_emlp_full_lvl2_8g1kkooz_20260928_1122.out,2026-09-28_11-58_j8104258_p2817333,results/tahoe/pb/finetune/no_pretrain/lvl2/emlp_full_zc/2026-09-28_11-58_j8104258_p2817333,finetune,,,,,,0.9555411325653091
tahoe_pb,no_pretrain,lvl2,emlp,emlp_full_zc,,0.8890150900535454,0.8890150900535454,,,21.0,0.6839908,10000.0,10000.0,8.985501360692536e-6,0.026901756851671975,2,NVIDIA GH200 144G HBM3e MIG 1g.18gb,8104257,out/TPB_emlp_full_lvl2_8g1kkooz_20260928_1122.out,2026-09-28_12-01_j8104257_p2817579,results/tahoe/pb/finetune/no_pretrain/lvl2/emlp_full_zc/2026-09-28_12-01_j8104257_p2817579,finetune,,,,,,0.8826870030829141
tahoe_pb,no_pretrain,lvl2,emlp,emlp_full_zc,,0.9204932662664287,0.9073503164043485,,,17.0,0.3658006,10000.0,10000.0,0.0019584224717361285,0.02218948725012445,2,NVIDIA GH200 144G HBM3e,8104258,out/TPB_emlp_full_lvl2_8g1kkooz_20260928_1122.out,2026-09-28_12-01_j8104258_p2817565,results/tahoe/pb/finetune/no_pretrain/lvl2/emlp_full_zc/2026-09-28_12-01_j8104258_p2817565,finetune,,,,,,0.9174103521012494
tahoe_pb,no_pretrain,lvl2,emlp,emlp_full_zc,,0.988804153821191,0.9860457569365568,,,17.0,0.031521186,10000.0,10000.0,0.00017016235251247962,0.044467654705505705,2,NVIDIA GH200 144G HBM3e,8104258,out/TPB_emlp_full_lvl2_8g1kkooz_20260928_1122.out,2026-09-28_12-03_j8104258_p2817841,results/tahoe/pb/finetune/no_pretrain/lvl2/emlp_full_zc/2026-09-28_12-03_j8104258_p2817841,finetune,,,,,,0.989615447022554
tahoe_pb,no_pretrain,lvl2,emlp,emlp_gdd_zc,1,0.4651007829418624,0.43728135932033985,,,30.0,12.575973,40000.0,40000.0,0.0005,0.06,2,NVIDIA GeForce RTX 2080 Ti,8104113,out/TPB_lvl2_emlp_gdd_s1_20260928_1029.out,2026-09-28_10-29_j8104113_p165175_s1,results/tahoe/pb/finetune/no_pretrain/lvl2/emlp_gdd_zc/2026-09-28_10-29_j8104113_p165175_s1,finetune,,,,,,0.4561782803924829
tahoe_pb,no_pretrain,lvl2,emlp,emlp_gdd_zc,1,0.5140762951857405,0.4992503748125937,,,37.0,9.091731,40000.0,40000.0,0.00020589,0.1725,3,NVIDIA GH200 144G HBM3e MIG 1g.18gb,8107985,out/TPB_lvl2_emlp_gdd_s1_20260930_2041.out,2026-09-30_22-18_j8107985_p2987147_s1,results/tahoe/pb/finetune/no_pretrain/lvl2/emlp_gdd_zc/2026-09-30_22-18_j8107985_p2987147_s1,finetune,,,,,,0.5095626143356062
tahoe_pb,no_pretrain,lvl2,emlp,emlp_gdd_zc,2,0.4998372925479987,0.48779694109990235,,,29.0,6.7614784,40000.0,40000.0,0.00020589,0.1725,3,NVIDIA GH200 144G HBM3e MIG 1g.18gb,8107997,out/TPB_lvl2_emlp_gdd_s2_20260930_2041.out,2026-10-01_00-06_j8107997_p2996575_s2,results/tahoe/pb/finetune/no_pretrain/lvl2/emlp_gdd_zc/2026-10-01_00-06_j8107997_p2996575_s2,finetune,,,,,,0.5152354570637119
tahoe_pb,no_pretrain,lvl2,emlp,emlp_gdd_zc,3,0.5075681130171544,0.47023208879919276,,,26.0,6.187931,40000.0,40000.0,0.00020589,0.1725,3,NVIDIA GH200 144G HBM3e MIG 1g.18gb,8108009,out/TPB_lvl2_emlp_gdd_s3_20260930_2041.out,2026-10-01_01-52_j8108009_p3004192_s3,results/tahoe/pb/finetune/no_pretrain/lvl2/emlp_gdd_zc/2026-10-01_01-52_j8108009_p3004192_s3,finetune,,,,,,0.5322286409242931
tahoe_pb,no_pretrain,lvl2,emlp,emlp_gdd_zc,,0.0,0.0,,,5.0,5.9542837,10000.0,10000.0,0.002628821850901566,0.29546279370328443,2,NVIDIA GeForce RTX 2080 Ti,8104527,out/TPB_emlp_lvl2_gdd_83oze95p_20260928_1412.out,2026-09-28_14-12_j8104527_p258058,results/tahoe/pb/finetune/no_pretrain/lvl2/emlp_gdd_zc/2026-09-28_14-12_j8104527_p258058,finetune,,,,,,0.016112789526686808
tahoe_pb,no_pretrain,lvl2,emlp,emlp_gdd_zc,,0.18230383973288813,0.18230383973288813,,,21.0,6.4524517,10000.0,10000.0,2.428143442930002e-6,0.04658691164005182,4,NVIDIA GeForce RTX 2080 Ti,8104528,out/TPB_emlp_lvl2_gdd_83oze95p_20260928_1412.out,2026-09-28_14-12_j8104528_p194820,results/tahoe/pb/finetune/no_pretrain/lvl2/emlp_gdd_zc/2026-09-28_14-12_j8104528_p194820,finetune,,,,,,0.21948072891469117
tahoe_pb,no_pretrain,lvl2,emlp,emlp_gdd_zc,,0.1327821832292897,0.1280580394803442,,,19.0,5.496755,10000.0,10000.0,1.2141464008601022e-5,0.2969120152334821,2,NVIDIA GeForce RTX 2080 Ti,8104527,out/TPB_emlp_lvl2_gdd_83oze95p_20260928_1412.out,2026-09-28_14-15_j8104527_p258372,results/tahoe/pb/finetune/no_pretrain/lvl2/emlp_gdd_zc/2026-09-28_14-15_j8104527_p258372,finetune,,,,,,0.08068420203324189
tahoe_pb,no_pretrain,lvl2,emlp,emlp_gdd_zc,,0.03821656050955414,0.03821656050955414,,,21.0,5.836412,10000.0,10000.0,4.257605292820517e-6,0.13002511017648458,1,NVIDIA GeForce RTX 2080 Ti,8104528,out/TPB_emlp_lvl2_gdd_83oze95p_20260928_1412.out,2026-09-28_14-17_j8104528_p195050,results/tahoe/pb/finetune/no_pretrain/lvl2/emlp_gdd_zc/2026-09-28_14-17_j8104528_p195050,finetune,,,,,,0.07468671679197995
tahoe_pb,no_pretrain,lvl2,emlp,emlp_gdd_zc,,0.16159973987969437,0.16159973987969437,,,21.0,10.107341,10000.0,10000.0,2.9562818517230725e-6,0.024879926263707088,7,NVIDIA GeForce RTX 2080 Ti,8104527,out/TPB_emlp_lvl2_gdd_83oze95p_20260928_1412.out,2026-09-28_14-18_j8104527_p258610,results/tahoe/pb/finetune/no_pretrain/lvl2/emlp_gdd_zc/2026-09-28_14-18_j8104527_p258610,finetune,,,,,,0.24099135822599055
tahoe_pb,no_pretrain,lvl2,emlp,emlp_gdd_zc,,0.0027077339651379252,0.0028769673379590455,,,1.0,6.038916,10000.0,10000.0,1.0545324927579005e-6,0.01692484677383735,1,NVIDIA GeForce RTX 2080 Ti,8104528,out/TPB_emlp_lvl2_gdd_83oze95p_20260928_1412.out,2026-09-28_14-20_j8104528_p195215,results/tahoe/pb/finetune/no_pretrain/lvl2/emlp_gdd_zc/2026-09-28_14-20_j8104528_p195215,finetune,,,,,,0.0038554216867469878
tahoe_pb,no_pretrain,lvl2,emlp,emlp_gdd_zc,,0.20501618122977347,0.20728155339805826,,,15.0,9.912335,10000.0,10000.0,7.232033557931848e-5,0.19025451855021475,2,NVIDIA GeForce RTX 2080 Ti,8104528,out/TPB_emlp_lvl2_gdd_83oze95p_20260928_1412.out,2026-09-28_14-22_j8104528_p195405,results/tahoe/pb/finetune/no_pretrain/lvl2/emlp_gdd_zc/2026-09-28_14-22_j8104528_p195405,finetune,,,,,,0.2055
tahoe_pb,no_pretrain,lvl2,emlp,emlp_gdd_zc,,0.28507223113964686,0.28507223113964686,,,21.0,7.2985187,10000.0,10000.0,7.588679654518334e-5,0.05047619850983218,2,NVIDIA GeForce RTX 2080 Ti,8104528,out/TPB_emlp_lvl2_gdd_83oze95p_20260928_1412.out,2026-09-28_14-25_j8104528_p195581,results/tahoe/pb/finetune/no_pretrain/lvl2/emlp_gdd_zc/2026-09-28_14-25_j8104528_p195581,finetune,,,,,,0.34964456935030586
tahoe_pb,no_pretrain,lvl2,emlp,emlp_gdd_zc,,0.15851735015772872,0.15851735015772872,,,21.0,12.12777,10000.0,10000.0,5.5681759569033455e-5,0.04338338363202652,2,NVIDIA GeForce RTX 2080 Ti,8104528,out/TPB_emlp_lvl2_gdd_83oze95p_20260928_1412.out,2026-09-28_14-27_j8104528_p195762,results/tahoe/pb/finetune/no_pretrain/lvl2/emlp_gdd_zc/2026-09-28_14-27_j8104528_p195762,finetune,,,,,,0.16740900015358623
tahoe_pb,no_pretrain,lvl2,emlp,emlp_gdd_zc,,0.2305939788445891,0.23254678600488202,,,20.0,9.229531,10000.0,10000.0,9.300788841079016e-5,0.0620701680542159,2,NVIDIA GeForce RTX 2080 Ti,8104528,out/TPB_emlp_lvl2_gdd_83oze95p_20260928_1412.out,2026-09-28_14-32_j8104528_p196112,results/tahoe/pb/finetune/no_pretrain/lvl2/emlp_gdd_zc/2026-09-28_14-32_j8104528_p196112,finetune,,,,,,0.27648839556004035
tahoe_pb,no_pretrain,lvl2,emlp,emlp_gdd_zc,,0.3520264681555004,0.36013234077750206,,,18.0,6.728475,10000.0,10000.0,7.133681082664668e-5,0.05009070313737594,2,NVIDIA GeForce RTX 2080 Ti,8104528,out/TPB_emlp_lvl2_gdd_83oze95p_20260928_1412.out,2026-09-28_14-34_j8104528_p196278,results/tahoe/pb/finetune/no_pretrain/lvl2/emlp_gdd_zc/2026-09-28_14-34_j8104528_p196278,finetune,,,,,,0.391439420089748
tahoe_pb,no_pretrain,lvl2,emlp,emlp_gdd_zc,,0.2724165988608625,0.26314076484947113,,,19.0,7.8845105,10000.0,10000.0,6.252955196375096e-5,0.017027801029300477,2,NVIDIA GeForce RTX 2080 Ti,8104528,out/TPB_emlp_lvl2_gdd_83oze95p_20260928_1412.out,2026-09-28_14-37_j8104528_p196452,results/tahoe/pb/finetune/no_pretrain/lvl2/emlp_gdd_zc/2026-09-28_14-37_j8104528_p196452,finetune,,,,,,0.4085085413929041
tahoe_pb,no_pretrain,lvl2,emlp,emlp_gdd_zc,,0.24096973641392777,0.24064432150992515,,,20.0,10.0343685,10000.0,10000.0,9.863038524003452e-5,0.03870243227482063,2,NVIDIA GeForce RTX 2080 Ti,8104528,out/TPB_emlp_lvl2_gdd_83oze95p_20260928_1412.out,2026-09-28_14-39_j8104528_p196620,results/tahoe/pb/finetune/no_pretrain/lvl2/emlp_gdd_zc/2026-09-28_14-39_j8104528_p196620,finetune,,,,,,0.2804660948373523
tahoe_pb,no_pretrain,lvl2,emlp,emlp_gdd_zc,,0.2635338942689316,0.24876964597555168,,,19.0,11.075845,10000.0,10000.0,0.0001827379356012269,0.01783220140623663,2,NVIDIA GeForce RTX 2080 Ti,8104528,out/TPB_emlp_lvl2_gdd_83oze95p_20260928_1412.out,2026-09-28_14-41_j8104528_p196799,results/tahoe/pb/finetune/no_pretrain/lvl2/emlp_gdd_zc/2026-09-28_14-41_j8104528_p196799,finetune,,,,,,0.24840654608096469
tahoe_pb,no_pretrain,lvl2,emlp,emlp_gdd_zc,,0.3748962311140628,0.3748962311140628,,,21.0,8.089737,10000.0,10000.0,5.194111699212752e-5,0.04890760793325422,2,NVIDIA GeForce RTX 2080 Ti,8104528,out/TPB_emlp_lvl2_gdd_83oze95p_20260928_1412.out,2026-09-28_14-46_j8104528_p197136,results/tahoe/pb/finetune/no_pretrain/lvl2/emlp_gdd_zc/2026-09-28_14-46_j8104528_p197136,finetune,,,,,,0.2603638532657322
tahoe_pb,no_pretrain,lvl2,emlp,emlp_gdd_zc,,0.17519556714471968,0.17519556714471968,,,21.0,12.705109,10000.0,10000.0,4.898571097578109e-5,0.030707598579889993,2,NVIDIA GeForce RTX 2080 Ti,8104528,out/TPB_emlp_lvl2_gdd_83oze95p_20260928_1412.out,2026-09-28_14-48_j8104528_p197313,results/tahoe/pb/finetune/no_pretrain/lvl2/emlp_gdd_zc/2026-09-28_14-48_j8104528_p197313,finetune,,,,,,0.17465590887517798
tahoe_pb,no_pretrain,lvl2,emlp,emlp_gdd_zc,,0.055796055796055795,0.055796055796055795,,,21.0,6.065721,10000.0,10000.0,2.5142659286983104e-5,0.2940212111625345,2,NVIDIA GeForce RTX 2080 Ti,8104528,out/TPB_emlp_lvl2_gdd_83oze95p_20260928_1412.out,2026-09-28_14-51_j8104528_p197499,results/tahoe/pb/finetune/no_pretrain/lvl2/emlp_gdd_zc/2026-09-28_14-51_j8104528_p197499,finetune,,,,,,0.07914719626168225
tahoe_pb,no_pretrain,lvl2,emlp,emlp_gdd_zc,,0.3736754966887417,0.3746688741721854,,,20.0,7.753482,10000.0,10000.0,3.536039740927787e-5,0.03936300102065472,2,NVIDIA GeForce RTX 2080 Ti,8104528,out/TPB_emlp_lvl2_gdd_83oze95p_20260928_1412.out,2026-09-28_14-54_j8104528_p197673,results/tahoe/pb/finetune/no_pretrain/lvl2/emlp_gdd_zc/2026-09-28_14-54_j8104528_p197673,finetune,,,,,,0.3382205931356215
tahoe_pb,no_pretrain,lvl2,emlp,emlp_gdd_zc,,0.21841794569067297,0.22044189576657108,,,20.0,9.546293,10000.0,10000.0,0.00015739932008926837,0.04722824278883091,2,NVIDIA GeForce RTX 2080 Ti,8104528,out/TPB_emlp_lvl2_gdd_83oze95p_20260928_1412.out,2026-09-28_14-56_j8104528_p197842,results/tahoe/pb/finetune/no_pretrain/lvl2/emlp_gdd_zc/2026-09-28_14-56_j8104528_p197842,finetune,,,,,,0.2377911993097498
tahoe_pb,no_pretrain,lvl2,emlp,emlp_gdd_zc,,0.033741786538803054,0.03498490499023264,,,20.0,5.2754617,10000.0,10000.0,1.7795695736306716e-5,0.2138942692080271,2,NVIDIA GeForce RTX 2080 Ti,8104528,out/TPB_emlp_lvl2_gdd_83oze95p_20260928_1412.out,2026-09-28_15-04_j8104528_p198233,results/tahoe/pb/finetune/no_pretrain/lvl2/emlp_gdd_zc/2026-09-28_15-04_j8104528_p198233,finetune,,,,,,0.045126919460984016
tahoe_pb,no_pretrain,lvl2,emlp,emlp_gdd_zc,,0.44439155957480564,0.4643820402982707,,,17.0,6.3053255,10000.0,10000.0,0.0002058881973695849,0.17254379367508862,1,NVIDIA GeForce RTX 2080 Ti,8104528,out/TPB_emlp_lvl2_gdd_83oze95p_20260928_1412.out,2026-09-28_15-06_j8104528_p198408,results/tahoe/pb/finetune/no_pretrain/lvl2/emlp_gdd_zc/2026-09-28_15-06_j8104528_p198408,finetune,,,,,,0.4386359980698086
tahoe_pb,no_pretrain,lvl2,emlp,emlp_z,1,0.9771215317215641,0.9818270322894694,,,33.0,0.058721453,40000.0,40000.0,0.0005,0.06,2,NVIDIA RTX 6000 Ada Generation,8104094,out/TPB_lvl2_emlp_z_s1_20260928_1013.out,2026-09-28_10-13_j8104094_p485631_s1,results/tahoe/pb/finetune/no_pretrain/lvl2/emlp_z/2026-09-28_10-13_j8104094_p485631_s1,finetune,,,,,,
tahoe_pb,no_pretrain,lvl2,emlp,emlp_z,2,0.9897777056628265,0.9787441181242901,,,69.0,0.057472862,40000.0,40000.0,0.0005,0.06,3,NVIDIA GH200 144G HBM3e,8104099,out/TPB_lvl2_emlp_z_s2_20260928_1013.out,2026-09-28_10-14_j8104099_p2808992_s2,results/tahoe/pb/finetune/no_pretrain/lvl2/emlp_z/2026-09-28_10-14_j8104099_p2808992_s2,finetune,,,,,,
tahoe_pb,no_pretrain,lvl2,emlp,emlp_z,3,0.9866947914976473,0.9858834982962843,,,81.0,0.055016663,40000.0,40000.0,0.0005,0.06,2,NVIDIA GeForce RTX 2080 Ti,8104104,out/TPB_lvl2_emlp_z_s3_20260928_1013.out,2026-09-28_10-17_j8104104_p248969_s3,results/tahoe/pb/finetune/no_pretrain/lvl2/emlp_z/2026-09-28_10-17_j8104104_p248969_s3,finetune,,,,,,
tahoe_pb,no_pretrain,lvl2,emlp,emlp_zc,,0.0025961382443615124,0.0032451728054518902,,,13.0,5.930592,10000.0,10000.0,1.0883003201694317e-6,0.18811514051440975,1,NVIDIA GeForce RTX 2080 Ti,8104253,out/TPB_emlp_lvl2_du1agy6z_20260928_1122.out,2026-09-28_11-23_j8104253_p166909,results/tahoe/pb/finetune/no_pretrain/lvl2/emlp_zc/2026-09-28_11-23_j8104253_p166909,finetune,,,,,,0.004056466006814863
tahoe_pb,no_pretrain,lvl2,emlp,emlp_zc,,0.03342527989615447,0.03342527989615447,,,21.0,5.081317,10000.0,10000.0,8.940584512981525e-6,0.07796336365294074,1,NVIDIA GeForce RTX 2080 Ti,8104253,out/TPB_emlp_lvl2_du1agy6z_20260928_1122.out,2026-09-28_11-25_j8104253_p167074,results/tahoe/pb/finetune/no_pretrain/lvl2/emlp_zc/2026-09-28_11-25_j8104253_p167074,finetune,,,,,,0.0326139866947915
tahoe_pb,no_pretrain,lvl2,emlp,emlp_zc,,0.44199253610254746,0.4444264157066364,,,20.0,2.1810806,10000.0,10000.0,3.2553718558092124e-6,0.16532184274518555,4,NVIDIA GeForce RTX 2080 Ti,8104253,out/TPB_emlp_lvl2_du1agy6z_20260928_1122.out,2026-09-28_11-27_j8104253_p167240,results/tahoe/pb/finetune/no_pretrain/lvl2/emlp_zc/2026-09-28_11-27_j8104253_p167240,finetune,,,,,,0.4434528638650008
tahoe_pb,no_pretrain,lvl2,emlp,emlp_zc,,0.23852020120071393,0.23852020120071393,,,21.0,3.006312,10000.0,10000.0,3.820489845100693e-6,0.2342965682862999,4,NVIDIA GeForce RTX 2080 Ti,8104253,out/TPB_emlp_lvl2_du1agy6z_20260928_1122.out,2026-09-28_11-32_j8104253_p167418,results/tahoe/pb/finetune/no_pretrain/lvl2/emlp_zc/2026-09-28_11-32_j8104253_p167418,finetune,,,,,,0.24874249553788738
tahoe_pb,no_pretrain,lvl2,emlp,emlp_zc,,0.9501865974363135,0.9526204770404024,,,20.0,0.17265059,10000.0,10000.0,7.748039464886304e-6,0.10475292737393244,4,NVIDIA GeForce RTX 2080 Ti,8104253,out/TPB_emlp_lvl2_du1agy6z_20260928_1122.out,2026-09-28_11-36_j8104253_p167597,results/tahoe/pb/finetune/no_pretrain/lvl2/emlp_zc/2026-09-28_11-36_j8104253_p167597,finetune,,,,,,0.9490507869544054
tahoe_pb,no_pretrain,lvl2,emlp,emlp_zc,,0.93120233652442,0.9154632484179782,,,19.0,0.21094152,10000.0,10000.0,3.622623439193342e-5,0.1161200106425978,5,NVIDIA GeForce RTX 2080 Ti,8104253,out/TPB_emlp_lvl2_du1agy6z_20260928_1122.out,2026-09-28_11-41_j8104253_p167782,results/tahoe/pb/finetune/no_pretrain/lvl2/emlp_zc/2026-09-28_11-41_j8104253_p167782,finetune,,,,,,0.9365568716534155
tahoe_pb,no_pretrain,lvl2,emlp,emlp_zc,,0.9339607334090541,0.9391530098977771,,,20.0,0.20980774,10000.0,10000.0,7.0703137656418584e-6,0.03951362892914933,5,NVIDIA GeForce RTX 2080 Ti,8104253,out/TPB_emlp_lvl2_du1agy6z_20260928_1122.out,2026-09-28_11-47_j8104253_p167976,results/tahoe/pb/finetune/no_pretrain/lvl2/emlp_zc/2026-09-28_11-47_j8104253_p167976,finetune,,,,,,0.9370436475742333
tahoe_pb,no_pretrain,lvl2,emlp,emlp_zc,,0.9005354535128995,0.9005354535128995,,,21.0,0.29673973,10000.0,10000.0,0.00019651813264843577,0.025991486664356182,4,NVIDIA GeForce RTX 2080 Ti,8104253,out/TPB_emlp_lvl2_du1agy6z_20260928_1122.out,2026-09-28_11-52_j8104253_p168174,results/tahoe/pb/finetune/no_pretrain/lvl2/emlp_zc/2026-09-28_11-52_j8104253_p168174,finetune,,,,,,0.9112445237708908
tahoe_pb,no_pretrain,lvl2,emlp,emlp_zc,,0.9276326464384228,0.9276326464384228,,,21.0,1.4669296,10000.0,10000.0,0.0014863425424115307,0.02570052883459524,1,NVIDIA GeForce RTX 2080 Ti,8104253,out/TPB_emlp_lvl2_du1agy6z_20260928_1122.out,2026-09-28_11-57_j8104253_p168363,results/tahoe/pb/finetune/no_pretrain/lvl2/emlp_zc/2026-09-28_11-57_j8104253_p168363,finetune,,,,,,0.930391043323057
tahoe_pb,no_pretrain,lvl2,emlp,emlp_zc,,0.971604737952296,0.9694953756287522,,,19.0,0.07421234,10000.0,10000.0,3.633163110054039e-5,0.08613604092801533,4,NVIDIA GeForce RTX 2080 Ti,8104253,out/TPB_emlp_lvl2_du1agy6z_20260928_1122.out,2026-09-28_12-05_j8104253_p168720,results/tahoe/pb/finetune/no_pretrain/lvl2/emlp_zc/2026-09-28_12-05_j8104253_p168720,finetune,,,,,,0.9774460490021094
tahoe_pb,no_pretrain,lvl2,emlp,emlp_zc,,0.9740386175563849,0.9644653577803018,,,20.0,0.08442295,10000.0,10000.0,2.399273009616204e-5,0.02566246413484135,4,NVIDIA GeForce RTX 2080 Ti,8104253,out/TPB_emlp_lvl2_du1agy6z_20260928_1122.out,2026-09-28_12-09_j8104253_p168905,results/tahoe/pb/finetune/no_pretrain/lvl2/emlp_zc/2026-09-28_12-09_j8104253_p168905,finetune,,,,,,0.9742008761966575
tahoe_pb,no_pretrain,lvl2,emlp,emlp_zc,,0.915950024338796,0.915950024338796,,,21.0,0.2728375,10000.0,10000.0,6.380521918617059e-5,0.025518278285393048,5,NVIDIA GeForce RTX 2080 Ti,8104253,out/TPB_emlp_lvl2_du1agy6z_20260928_1122.out,2026-09-28_12-14_j8104253_p169089,results/tahoe/pb/finetune/no_pretrain/lvl2/emlp_zc/2026-09-28_12-14_j8104253_p169089,finetune,,,,,,0.9187084212234301
tahoe_pb,no_pretrain,lvl2,emlp,emlp_zc,,0.9435339931851371,0.9297420087619666,,,20.0,0.19190146,10000.0,10000.0,4.597990035504599e-5,0.036737952111000435,4,NVIDIA GeForce RTX 2080 Ti,8104253,out/TPB_emlp_lvl2_du1agy6z_20260928_1122.out,2026-09-28_12-20_j8104253_p169498,results/tahoe/pb/finetune/no_pretrain/lvl2/emlp_zc/2026-09-28_12-20_j8104253_p169498,finetune,,,,,,0.946779165990589
tahoe_pb,no_pretrain,lvl2,emlp,emlp_zc,,0.9750121693980205,0.9785818594840175,,,20.0,0.069157496,10000.0,10000.0,5.356082105638452e-5,0.03402856454333427,3,NVIDIA GeForce RTX 2080 Ti,8104253,out/TPB_emlp_lvl2_du1agy6z_20260928_1122.out,2026-09-28_12-25_j8104253_p169689,results/tahoe/pb/finetune/no_pretrain/lvl2/emlp_zc/2026-09-28_12-25_j8104253_p169689,finetune,,,,,,0.9798799286061983
tahoe_pb,no_pretrain,lvl2,emlp,emlp_zc,,0.768294661690735,0.768294661690735,,,21.0,1.5976921,10000.0,10000.0,1.9200407942424116e-5,0.01114079119520884,1,NVIDIA GeForce RTX 2080 Ti,8104253,out/TPB_emlp_lvl2_du1agy6z_20260928_1122.out,2026-09-28_12-29_j8104253_p169864,results/tahoe/pb/finetune/no_pretrain/lvl2/emlp_zc/2026-09-28_12-29_j8104253_p169864,finetune,,,,,,0.7736491968197307
tahoe_pb,no_pretrain,lvl2,emlp,emlp_zc,,0.9414246308615933,0.9204932662664287,,,19.0,0.2134286,10000.0,10000.0,8.426562226433882e-5,0.010591000989658997,4,NVIDIA GeForce RTX 2080 Ti,8104253,out/TPB_emlp_lvl2_du1agy6z_20260928_1122.out,2026-09-28_12-31_j8104253_p170020,results/tahoe/pb/finetune/no_pretrain/lvl2/emlp_zc/2026-09-28_12-31_j8104253_p170020,finetune,,,,,,0.9362323543728703
tahoe_pb,no_pretrain,lvl2,emlp,emlp_zc,,0.9342852506895992,0.9342852506895992,,,21.0,0.2366012,10000.0,10000.0,7.476010081581129e-5,0.026810604004541508,4,NVIDIA GeForce RTX 2080 Ti,8104253,out/TPB_emlp_lvl2_du1agy6z_20260928_1122.out,2026-09-28_12-36_j8104253_p170238,results/tahoe/pb/finetune/no_pretrain/lvl2/emlp_zc/2026-09-28_12-36_j8104253_p170238,finetune,,,,,,0.9308778192438747
tahoe_pb,no_pretrain,lvl2,emlp,emlp_zc,,0.964789875060847,0.9662502028233003,,,18.0,0.097684644,10000.0,10000.0,5.239960422791489e-5,0.02345005952259913,4,NVIDIA GeForce RTX 2080 Ti,8104253,out/TPB_emlp_lvl2_du1agy6z_20260928_1122.out,2026-09-28_12-41_j8104253_p170425,results/tahoe/pb/finetune/no_pretrain/lvl2/emlp_zc/2026-09-28_12-41_j8104253_p170425,finetune,,,,,,0.9654389096219373
tahoe_pb,no_pretrain,lvl2,emlp,emlp_zc,,0.906376764562713,0.9018335226350803,,,19.0,10.56313,10000.0,10000.0,0.0052548774087805665,0.2965517409323984,1,NVIDIA GeForce RTX 2080 Ti,8104253,out/TPB_emlp_lvl2_du1agy6z_20260928_1122.out,2026-09-28_12-45_j8104253_p170604,results/tahoe/pb/finetune/no_pretrain/lvl2/emlp_zc/2026-09-28_12-45_j8104253_p170604,finetune,,,,,,0.9049164368002596
tahoe_pb,no_pretrain,lvl2,emlp,emlp_zc,,0.9634918059386662,0.9654389096219373,,,19.0,0.11398271,10000.0,10000.0,5.8796654312496346e-5,0.04103856666377981,4,NVIDIA GeForce RTX 2080 Ti,8104253,out/TPB_emlp_lvl2_du1agy6z_20260928_1122.out,2026-09-28_12-48_j8104253_p170767,results/tahoe/pb/finetune/no_pretrain/lvl2/emlp_zc/2026-09-28_12-48_j8104253_p170767,finetune,,,,,,0.9667369787441181
tahoe_pb,no_pretrain,lvl2,emlp,emlp_zc,,0.9738763589161122,0.9758234625993835,,,18.0,0.07941418,10000.0,10000.0,3.454989585862792e-5,0.01951335614669067,3,NVIDIA GeForce RTX 2080 Ti,8104253,out/TPB_emlp_lvl2_du1agy6z_20260928_1122.out,2026-09-28_12-55_j8104253_p171111,results/tahoe/pb/finetune/no_pretrain/lvl2/emlp_zc/2026-09-28_12-55_j8104253_p171111,finetune,,,,,,0.9774460490021094
tahoe_pb,no_pretrain,lvl2,etf,etf_gdd_zc,1,0.11677494586040313,0.1271031151091121,,,20.0,15.024315,10000.0,10000.0,0.00057,0.011,29,NVIDIA RTX 6000 Ada Generation,8109675,out/TPB_lvl2_etf_zc_s1_20261001_1525.out,2026-10-01_15-25_s1,results/tahoe/pb/finetune/no_pretrain/lvl2/etf_gdd_zc/2026-10-01_15-25_s1,finetune,,,,,,0.13986362880425746
tahoe_pb,no_pretrain,lvl2,rlog,rlog,1,0.5239331494402077,0.5318838228135648,,,24.0,2.1412044,40000.0,40000.0,0.001,0.1,6,NVIDIA GeForce RTX 2080 Ti,8102438,out/TPB_lvl2_rlog_s1_20260926_1548.out,2026-09-26_16-55_s1,results/tahoe/pb/finetune/no_pretrain/lvl2/rlog/2026-09-26_16-55_s1,finetune,,,,,,
tahoe_pb,no_pretrain,lvl2,rlog,rlog,2,0.5000811293201363,0.5304234950511115,,,20.0,2.1951244,40000.0,40000.0,0.001,0.1,6,NVIDIA GeForce RTX 2080 Ti,8102444,out/TPB_lvl2_rlog_s2_20260926_1548.out,2026-09-26_17-07_s2,results/tahoe/pb/finetune/no_pretrain/lvl2/rlog/2026-09-26_17-07_s2,finetune,,,,,,
tahoe_pb,no_pretrain,lvl2,rlog,rlog,3,0.5184163556709395,0.5172805451890313,,,27.0,2.1354148,40000.0,40000.0,0.001,0.1,4,NVIDIA GH200 144G HBM3e MIG 1g.18gb,8102450,out/TPB_lvl2_rlog_s3_20260926_1548.out,2026-09-26_16-18_s3,results/tahoe/pb/finetune/no_pretrain/lvl2/rlog/2026-09-26_16-18_s3,finetune,,,,,,
tahoe_pb,no_pretrain,lvl2,rlog,rlog,,0.5164692519876684,0.4971604737952296,,,25.0,2.1961918,40000.0,40000.0,0.001,0.1,5,NVIDIA GeForce RTX 2080 Ti,8102423,out/TPB_lvl2_rlog_20260926_1524.out,2026-09-26_15-25,results/tahoe/pb/finetune/no_pretrain/lvl2/rlog/2026-09-26_15-25,finetune,,,,,,
tahoe_pb,no_pretrain,lvl2,rlog,rlog_full,1,0.7189680350478663,0.6913840662015253,,,34.0,1.9291984,40000.0,40000.0,0.001,0.1,4,NVIDIA RTX 6000 Ada Generation,8102439,out/TPB_lvl2_rlog_full_s1_20260926_1548.out,2026-09-26_16-08_s1,results/tahoe/pb/finetune/no_pretrain/lvl2/rlog_full/2026-09-26_16-08_s1,finetune,,,,,,
tahoe_pb,no_pretrain,lvl2,rlog,rlog_full,2,0.5988966412461464,0.7358429336362161,,,7.0,2.0742407,40000.0,40000.0,0.001,0.1,4,NVIDIA GH200 144G HBM3e MIG 1g.18gb,8102445,out/TPB_lvl2_rlog_full_s2_20260926_1548.out,2026-09-26_16-07_s2,results/tahoe/pb/finetune/no_pretrain/lvl2/rlog_full/2026-09-26_16-07_s2,finetune,,,,,,
tahoe_pb,no_pretrain,lvl2,rlog,rlog_full,3,0.7345448645140353,0.7433068310887555,,,45.0,2.031992,40000.0,40000.0,0.001,0.1,6,NVIDIA GeForce RTX 2080 Ti,8102451,out/TPB_lvl2_rlog_full_s3_20260926_1548.out,2026-09-26_17-09_s3,results/tahoe/pb/finetune/no_pretrain/lvl2/rlog_full/2026-09-26_17-09_s3,finetune,,,,,,
tahoe_pb,no_pretrain,lvl2,rlog,rlog_full_gs,1,0.23735155360338375,0.29461525947616723,,,2.0,5.469465,40000.0,40000.0,0.001,0.1,5,NVIDIA GeForce RTX 2080 Ti,8103954,out/TPB_lvl2_rlog_full_gs_s1_20260927_1925.out,2026-09-27_19-26_s1,results/tahoe/pb/finetune/no_pretrain/lvl2/rlog_full_gs/2026-09-27_19-26_s1,finetune,,,,,,
tahoe_pb,no_pretrain,lvl2,rlog,rlog_full_gs,2,0.2278004905968929,0.36745707277187245,,,3.0,4.9548426,40000.0,40000.0,0.001,0.1,5,NVIDIA GeForce RTX 2080 Ti,8103958,out/TPB_lvl2_rlog_full_gs_s2_20260927_1925.out,2026-09-27_19-28_s2,results/tahoe/pb/finetune/no_pretrain/lvl2/rlog_full_gs/2026-09-27_19-28_s2,finetune,,,,,,
tahoe_pb,no_pretrain,lvl2,rlog,rlog_full_gs,3,0.28382999511480217,0.36752971828692393,,,2.0,5.899366,40000.0,40000.0,0.001,0.1,5,NVIDIA GeForce RTX 2080 Ti,8103962,out/TPB_lvl2_rlog_full_gs_s3_20260927_1925.out,2026-09-27_19-32_s3,results/tahoe/pb/finetune/no_pretrain/lvl2/rlog_full_gs/2026-09-27_19-32_s3,finetune,,,,,,
tahoe_pb,no_pretrain,lvl2,rlog,rlog_gs,1,0.1376281112737921,0.2669594924353343,,,2.0,5.337298,40000.0,40000.0,0.001,0.1,5,NVIDIA GeForce RTX 2080 Ti,8103953,out/TPB_lvl2_rlog_gs_s1_20260927_1925.out,2026-09-27_19-26_s1,results/tahoe/pb/finetune/no_pretrain/lvl2/rlog_gs/2026-09-27_19-26_s1,finetune,,,,,,
tahoe_pb,no_pretrain,lvl2,rlog,rlog_gs,2,0.223221586263287,0.2778413736713001,,,7.0,4.3630977,40000.0,40000.0,0.001,0.1,4,NVIDIA RTX 6000 Ada Generation,8103957,out/TPB_lvl2_rlog_gs_s2_20260927_1925.out,2026-09-27_19-28_s2,results/tahoe/pb/finetune/no_pretrain/lvl2/rlog_gs/2026-09-27_19-28_s2,finetune,,,,,,
tahoe_pb,no_pretrain,lvl2,rlog,rlog_gs,3,0.18563751831949193,0.28594691418335777,,,4.0,5.11537,40000.0,40000.0,0.001,0.1,5,NVIDIA GeForce RTX 2080 Ti,8103961,out/TPB_lvl2_rlog_gs_s3_20260927_1925.out,2026-09-27_19-31_s3,results/tahoe/pb/finetune/no_pretrain/lvl2/rlog_gs/2026-09-27_19-31_s3,finetune,,,,,,
tahoe_pb,no_pretrain,lvl2,rmlp,rmlp,1,0.8265455135485965,0.8106441668018822,,,20.0,0.6920149,10000.0,10000.0,0.0001,0.05,3,NVIDIA GH200 144G HBM3e MIG 1g.18gb,,,2026-09-27_12-20,results/tahoe/pb/finetune/no_pretrain/lvl2/rmlp/2026-09-27_12-20,finetune,,,,,,
tahoe_pb,no_pretrain,lvl2,rmlp,rmlp,1,0.8028557520687977,0.7910108713288982,,,19.0,0.73513865,10000.0,10000.0,0.0001,0.05,2,NVIDIA GH200 144G HBM3e MIG 1g.18gb,,,2026-09-27_12-28,results/tahoe/pb/finetune/no_pretrain/lvl2/rmlp/2026-09-27_12-28,finetune,,,,,,
tahoe_pb,no_pretrain,lvl2,rmlp,rmlp,1,0.7911731299691709,0.7942560441343501,,,17.0,0.761684,10000.0,10000.0,0.0001,0.05,3,NVIDIA GH200 144G HBM3e MIG 1g.18gb,,,2026-09-27_12-34,results/tahoe/pb/finetune/no_pretrain/lvl2/rmlp/2026-09-27_12-34,finetune,,,,,,
tahoe_pb,no_pretrain,lvl2,rmlp,rmlp,1,0.8262209962680512,0.8156741846503326,,,19.0,0.735315,10000.0,10000.0,0.0001,0.05,32,NVIDIA GH200 144G HBM3e MIG 1g.18gb,8103538,,2026-09-27_12-42_j8103538_p2769393,results/tahoe/pb/finetune/no_pretrain/lvl2/rmlp/2026-09-27_12-42_j8103538_p2769393,finetune,,,,,,
tahoe_pb,no_pretrain,lvl2,rmlp,rmlp,1,0.7652117475255558,0.7843582670777219,,,17.0,0.892933,10000.0,10000.0,0.001,0.05,2,NVIDIA GH200 144G HBM3e,8103539,,2026-09-27_12-42_j8103539_p2769518,results/tahoe/pb/finetune/no_pretrain/lvl2/rmlp/2026-09-27_12-42_j8103539_p2769518,finetune,,,,,,
tahoe_pb,no_pretrain,lvl2,rmlp,rmlp,1,0.7733246795391855,0.7704040240142788,,,20.0,0.93203086,10000.0,10000.0,0.001,0.05,2,NVIDIA GH200 144G HBM3e,8103539,,2026-09-27_12-47_j8103539_p2769722,results/tahoe/pb/finetune/no_pretrain/lvl2/rmlp/2026-09-27_12-47_j8103539_p2769722,finetune,,,,,,
tahoe_pb,no_pretrain,lvl2,rmlp,rmlp,1,0.781924387473633,0.7723511276975499,,,20.0,0.94713783,10000.0,10000.0,0.001,0.05,2,NVIDIA GH200 144G HBM3e,8103539,,2026-09-27_12-53_j8103539_p2769898,results/tahoe/pb/finetune/no_pretrain/lvl2/rmlp/2026-09-27_12-53_j8103539_p2769898,finetune,,,,,,
tahoe_pb,no_pretrain,lvl2,rmlp,rmlp,1,0.6884634106766185,0.7007950673373358,,,19.0,1.2865461,10000.0,10000.0,0.001,0.05,5,NVIDIA GH200 144G HBM3e,8103539,,2026-09-27_12-58_j8103539_p2770073,results/tahoe/pb/finetune/no_pretrain/lvl2/rmlp/2026-09-27_12-58_j8103539_p2770073,finetune,,,,,,
tahoe_pb,no_pretrain,lvl2,rmlp,rmlp,1,0.49553788739250365,0.49553788739250365,,,21.0,1.8901563,10000.0,10000.0,0.001,0.05,2,NVIDIA GH200 144G HBM3e,8103539,,2026-09-27_13-10_j8103539_p2770310,results/tahoe/pb/finetune/no_pretrain/lvl2/rmlp/2026-09-27_13-10_j8103539_p2770310,finetune,,,,,,
tahoe_pb,no_pretrain,lvl2,rmlp,rmlp,1,0.46357293525880255,0.46357293525880255,,,21.0,1.969521,10000.0,10000.0,0.001,0.05,2,NVIDIA GH200 144G HBM3e,8103539,,2026-09-27_13-16_j8103539_p2770559,results/tahoe/pb/finetune/no_pretrain/lvl2/rmlp/2026-09-27_13-16_j8103539_p2770559,finetune,,,,,,
tahoe_pb,no_pretrain,lvl2,rmlp,rmlp,1,0.48645140353723837,0.4830439720915139,,,20.0,1.8811139,10000.0,10000.0,0.001,0.05,2,NVIDIA GH200 144G HBM3e,8103539,,2026-09-27_13-22_j8103539_p2770745,results/tahoe/pb/finetune/no_pretrain/lvl2/rmlp/2026-09-27_13-22_j8103539_p2770745,finetune,,,,,,
tahoe_pb,no_pretrain,lvl2,rmlp,rmlp,1,0.017848450429985396,0.017037157228622424,,,10.0,4.8789616,10000.0,10000.0,0.001,0.05,8,NVIDIA GH200 144G HBM3e,8103539,,2026-09-27_13-28_j8103539_p2770919,results/tahoe/pb/finetune/no_pretrain/lvl2/rmlp/2026-09-27_13-28_j8103539_p2770919,finetune,,,,,,
tahoe_pb,no_pretrain,lvl2,rmlp,rmlp,1,0.7037157228622424,0.7077721888690572,,,20.0,1.3165368,10000.0,10000.0,0.0001,0.05,4,NVIDIA GH200 144G HBM3e MIG 1g.18gb,8103538,,2026-09-27_13-47_j8103538_p2771410,results/tahoe/pb/finetune/no_pretrain/lvl2/rmlp/2026-09-27_13-47_j8103538_p2771410,finetune,,,,,,
tahoe_pb,no_pretrain,lvl2,rmlp,rmlp,1,0.685867272432257,0.6988479636540645,,,17.0,1.2720289,10000.0,10000.0,0.0001,0.05,3,NVIDIA GH200 144G HBM3e MIG 1g.18gb,8103538,,2026-09-27_13-55_j8103538_p2772065,results/tahoe/pb/finetune/no_pretrain/lvl2/rmlp/2026-09-27_13-55_j8103538_p2772065,finetune,,,,,,
tahoe_pb,no_pretrain,lvl2,rmlp,rmlp,1,0.7194548109686841,0.7194548109686841,,,21.0,1.1941503,10000.0,10000.0,0.0001,0.05,3,NVIDIA GH200 144G HBM3e MIG 1g.18gb,8103538,,2026-09-27_14-02_j8103538_p2772258,results/tahoe/pb/finetune/no_pretrain/lvl2/rmlp/2026-09-27_14-02_j8103538_p2772258,finetune,,,,,,
tahoe_pb,no_pretrain,lvl2,rmlp,rmlp,2,0.8093460976797014,0.8257342203472335,,,18.0,0.77366185,10000.0,10000.0,0.0001,0.05,3,NVIDIA GH200 144G HBM3e MIG 1g.18gb,,,2026-09-27_12-24,results/tahoe/pb/finetune/no_pretrain/lvl2/rmlp/2026-09-27_12-24,finetune,,,,,,
tahoe_pb,no_pretrain,lvl2,rmlp,rmlp,2,0.8150251500892423,0.8004218724647088,,,18.0,0.79973364,10000.0,10000.0,0.0001,0.05,2,NVIDIA GH200 144G HBM3e MIG 1g.18gb,,,2026-09-27_12-31,results/tahoe/pb/finetune/no_pretrain/lvl2/rmlp/2026-09-27_12-31,finetune,,,,,,
tahoe_pb,no_pretrain,lvl2,rmlp,rmlp,2,0.802693493428525,0.8090215803991563,,,18.0,0.80197287,10000.0,10000.0,0.0001,0.05,3,NVIDIA GH200 144G HBM3e MIG 1g.18gb,,,2026-09-27_12-38,results/tahoe/pb/finetune/no_pretrain/lvl2/rmlp/2026-09-27_12-38,finetune,,,,,,
tahoe_pb,no_pretrain,lvl2,rmlp,rmlp,2,0.7895505435664449,0.7738114554600033,,,20.0,0.9279326,10000.0,10000.0,0.001,0.05,2,NVIDIA GH200 144G HBM3e,8103539,,2026-09-27_12-45_j8103539_p2769638,results/tahoe/pb/finetune/no_pretrain/lvl2/rmlp/2026-09-27_12-45_j8103539_p2769638,finetune,,,,,,
tahoe_pb,no_pretrain,lvl2,rmlp,rmlp,2,0.792308940451079,0.7981502515008925,,,20.0,0.8731682,10000.0,10000.0,0.001,0.05,2,NVIDIA GH200 144G HBM3e,8103539,,2026-09-27_12-50_j8103539_p2769809,results/tahoe/pb/finetune/no_pretrain/lvl2/rmlp/2026-09-27_12-50_j8103539_p2769809,finetune,,,,,,
tahoe_pb,no_pretrain,lvl2,rmlp,rmlp,2,0.7360051922764888,0.7637514197631023,,,14.0,1.0434359,10000.0,10000.0,0.001,0.05,2,NVIDIA GH200 144G HBM3e,8103539,,2026-09-27_12-56_j8103539_p2769985,results/tahoe/pb/finetune/no_pretrain/lvl2/rmlp/2026-09-27_12-56_j8103539_p2769985,finetune,,,,,,
tahoe_pb,no_pretrain,lvl2,rmlp,rmlp,2,0.6233976959273081,0.6167450916761318,,,18.0,1.5884203,10000.0,10000.0,0.001,0.05,5,NVIDIA GH200 144G HBM3e,8103539,,2026-09-27_13-04_j8103539_p2770198,results/tahoe/pb/finetune/no_pretrain/lvl2/rmlp/2026-09-27_13-04_j8103539_p2770198,finetune,,,,,,
tahoe_pb,no_pretrain,lvl2,rmlp,rmlp,2,0.4616258315755314,0.46633133214343664,,,20.0,2.0849612,10000.0,10000.0,0.001,0.05,2,NVIDIA GH200 144G HBM3e,8103539,,2026-09-27_13-13_j8103539_p2770402,results/tahoe/pb/finetune/no_pretrain/lvl2/rmlp/2026-09-27_13-13_j8103539_p2770402,finetune,,,,,,
tahoe_pb,no_pretrain,lvl2,rmlp,rmlp,2,0.8132403050462437,0.8233003407431446,,,14.0,0.776716,10000.0,10000.0,0.0001,0.05,32,NVIDIA GH200 144G HBM3e MIG 1g.18gb,8103538,,2026-09-27_13-14_j8103538_p2770451,results/tahoe/pb/finetune/no_pretrain/lvl2/rmlp/2026-09-27_13-14_j8103538_p2770451,finetune,,,,,,
tahoe_pb,no_pretrain,lvl2,rmlp,rmlp,2,0.45286386500081127,0.45286386500081127,,,21.0,2.0851324,10000.0,10000.0,0.001,0.05,2,NVIDIA GH200 144G HBM3e,8103539,,2026-09-27_13-19_j8103539_p2770645,results/tahoe/pb/finetune/no_pretrain/lvl2/rmlp/2026-09-27_13-19_j8103539_p2770645,finetune,,,,,,
tahoe_pb,no_pretrain,lvl2,rmlp,rmlp,2,0.4939153009897777,0.4939153009897777,,,21.0,1.9599749,10000.0,10000.0,0.001,0.05,2,NVIDIA GH200 144G HBM3e,8103539,,2026-09-27_13-25_j8103539_p2770831,results/tahoe/pb/finetune/no_pretrain/lvl2/rmlp/2026-09-27_13-25_j8103539_p2770831,finetune,,,,,,
tahoe_pb,no_pretrain,lvl2,rmlp,rmlp,2,0.1775109524582184,0.1775109524582184,,,21.0,3.4079685,10000.0,10000.0,0.001,0.05,8,NVIDIA GH200 144G HBM3e,8103539,,2026-09-27_13-37_j8103539_p2771204,results/tahoe/pb/finetune/no_pretrain/lvl2/rmlp/2026-09-27_13-37_j8103539_p2771204,finetune,,,,,,
tahoe_pb,no_pretrain,lvl2,rmlp,rmlp,2,0.6292390069771215,0.6683433392828169,,,12.0,1.4918381,10000.0,10000.0,0.0001,0.05,4,NVIDIA GH200 144G HBM3e MIG 1g.18gb,8103538,,2026-09-27_13-51_j8103538_p2771957,results/tahoe/pb/finetune/no_pretrain/lvl2/rmlp/2026-09-27_13-51_j8103538_p2771957,finetune,,,,,,
tahoe_pb,no_pretrain,lvl2,rmlp,rmlp,2,0.6613662177510953,0.6793769268213532,,,17.0,1.4381506,10000.0,10000.0,0.0001,0.05,3,NVIDIA GH200 144G HBM3e MIG 1g.18gb,8103538,,2026-09-27_13-59_j8103538_p2772155,results/tahoe/pb/finetune/no_pretrain/lvl2/rmlp/2026-09-27_13-59_j8103538_p2772155,finetune,,,,,,
tahoe_pb,no_pretrain,lvl2,rmlp,rmlp,2,0.715073827681324,0.7207528800908648,,,18.0,1.2653018,10000.0,10000.0,0.0001,0.05,3,NVIDIA GH200 144G HBM3e MIG 1g.18gb,8103538,,2026-09-27_14-06_j8103538_p2772360,results/tahoe/pb/finetune/no_pretrain/lvl2/rmlp/2026-09-27_14-06_j8103538_p2772360,finetune,,,,,,
tahoe_pb,no_pretrain,lvl2,rmlp,rmlp,,0.7525555735842934,0.7525555735842934,,,21.0,1.1153452,10000.0,10000.0,5.0338731169914e-5,0.17668406340163917,5,NVIDIA GeForce RTX 2080 Ti,8104254,out/TPB_rmlp_lvl2_5inc1kls_20260928_1122.out,2026-09-28_11-23_j8104254_p251911,results/tahoe/pb/finetune/no_pretrain/lvl2/rmlp/2026-09-28_11-23_j8104254_p251911,finetune,,,,,,0.7416842446860296
tahoe_pb,no_pretrain,lvl2,rmlp,rmlp,,0.03018010709070258,0.03018010709070258,,,21.0,5.826816,10000.0,10000.0,2.3632772427658467e-6,0.2827926652263652,3,NVIDIA GeForce RTX 2080 Ti,8104255,out/TPB_rmlp_lvl2_5inc1kls_20260928_1122.out,2026-09-28_11-23_j8104255_p189849,results/tahoe/pb/finetune/no_pretrain/lvl2/rmlp/2026-09-28_11-23_j8104255_p189849,finetune,,,,,,0.02839526204770404
tahoe_pb,no_pretrain,lvl2,rmlp,rmlp,,0.200876196657472,0.200876196657472,,,21.0,4.4764905,10000.0,10000.0,6.31306733295987e-6,0.21987741871216357,4,NVIDIA GeForce RTX 2080 Ti,8104256,out/TPB_rmlp_lvl2_5inc1kls_20260928_1122.out,2026-09-28_11-23_j8104256_p251921,results/tahoe/pb/finetune/no_pretrain/lvl2/rmlp/2026-09-28_11-23_j8104256_p251921,finetune,,,,,,0.19681973065065714
tahoe_pb,no_pretrain,lvl2,rmlp,rmlp,,0.021742657796527665,0.021742657796527665,,,21.0,5.853373,10000.0,10000.0,2.889002771671788e-6,0.17294333479440424,3,NVIDIA GeForce RTX 2080 Ti,8104255,out/TPB_rmlp_lvl2_5inc1kls_20260928_1122.out,2026-09-28_11-26_j8104255_p190061,results/tahoe/pb/finetune/no_pretrain/lvl2/rmlp/2026-09-28_11-26_j8104255_p190061,finetune,,,,,,0.019633295472983935
tahoe_pb,no_pretrain,lvl2,rmlp,rmlp,,0.8012331656660717,0.8041538211909784,,,17.0,0.7417029,10000.0,10000.0,0.0003228781883137044,0.25774234169290067,3,NVIDIA GeForce RTX 2080 Ti,8104255,out/TPB_rmlp_lvl2_5inc1kls_20260928_1122.out,2026-09-28_11-30_j8104255_p190255,results/tahoe/pb/finetune/no_pretrain/lvl2/rmlp/2026-09-28_11-30_j8104255_p190255,finetune,,,,,,0.8132403050462437
tahoe_pb,no_pretrain,lvl2,rmlp,rmlp,,0.8124290118448807,0.8091838390394288,,,20.0,0.81228787,10000.0,10000.0,2.2269542842991295e-5,0.17110060005610186,6,NVIDIA GeForce RTX 2080 Ti,8104254,out/TPB_rmlp_lvl2_5inc1kls_20260928_1122.out,2026-09-28_11-32_j8104254_p252646,results/tahoe/pb/finetune/no_pretrain/lvl2/rmlp/2026-09-28_11-32_j8104254_p252646,finetune,,,,,,0.8129157877656985
tahoe_pb,no_pretrain,lvl2,rmlp,rmlp,,0.829141651792958,0.8153496673697874,,,20.0,0.6450811,10000.0,10000.0,4.669896172007414e-5,0.20049980834998363,5,NVIDIA GeForce RTX 2080 Ti,8104256,out/TPB_rmlp_lvl2_5inc1kls_20260928_1122.out,2026-09-28_11-32_j8104256_p252701,results/tahoe/pb/finetune/no_pretrain/lvl2/rmlp/2026-09-28_11-32_j8104256_p252701,finetune,,,,,,0.8288171345124128
tahoe_pb,no_pretrain,lvl2,rmlp,rmlp,,0.8346584455622262,0.8346584455622262,,,21.0,0.6506778,10000.0,10000.0,0.0008407919634866076,0.18478248889495408,5,NVIDIA GeForce RTX 2080 Ti,8104255,out/TPB_rmlp_lvl2_5inc1kls_20260928_1122.out,2026-09-28_11-34_j8104255_p190454,results/tahoe/pb/finetune/no_pretrain/lvl2/rmlp/2026-09-28_11-34_j8104255_p190454,finetune,,,,,,0.84114879117313
tahoe_pb,no_pretrain,lvl2,rmlp,rmlp,,0.8155119260100601,0.8082102871977933,,,18.0,0.6567462,10000.0,10000.0,0.0001682602963564425,0.20820750109506309,5,NVIDIA GeForce RTX 2080 Ti,8104256,out/TPB_rmlp_lvl2_5inc1kls_20260928_1122.out,2026-09-28_11-38_j8104256_p253005,results/tahoe/pb/finetune/no_pretrain/lvl2/rmlp/2026-09-28_11-38_j8104256_p253005,finetune,,,,,,0.8359565146844069
tahoe_pb,no_pretrain,lvl2,rmlp,rmlp,,0.8302774622748661,0.8242738925847801,,,20.0,0.626938,10000.0,10000.0,0.0001677531407430515,0.20409715832481637,5,NVIDIA GeForce RTX 2080 Ti,8104255,out/TPB_rmlp_lvl2_5inc1kls_20260928_1122.out,2026-09-28_11-43_j8104255_p190880,results/tahoe/pb/finetune/no_pretrain/lvl2/rmlp/2026-09-28_11-43_j8104255_p190880,finetune,,,,,,0.8395262047704041
tahoe_pb,no_pretrain,lvl2,rmlp,rmlp,,0.8349829628427714,0.8284926172318676,,,20.0,0.6817168,10000.0,10000.0,0.0003234183560060641,0.1792668426472891,5,NVIDIA GeForce RTX 2080 Ti,8104256,out/TPB_rmlp_lvl2_5inc1kls_20260928_1122.out,2026-09-28_11-44_j8104256_p253396,results/tahoe/pb/finetune/no_pretrain/lvl2/rmlp/2026-09-28_11-44_j8104256_p253396,finetune,,,,,,0.8392016874898588
tahoe_pb,no_pretrain,lvl2,rmlp,rmlp,,0.8364432906052247,0.833522635080318,,,19.0,0.72707933,10000.0,10000.0,9.823848681639708e-5,0.15419544768686225,5,NVIDIA GeForce RTX 2080 Ti,8104255,out/TPB_rmlp_lvl2_5inc1kls_20260928_1122.out,2026-09-28_11-52_j8104255_p191293,results/tahoe/pb/finetune/no_pretrain/lvl2/rmlp/2026-09-28_11-52_j8104255_p191293,finetune,,,,,,0.8296284277137758
tahoe_pb,no_pretrain,lvl2,rmlp,rmlp,,0.8161609605711504,0.8153496673697874,,,20.0,0.7553173,10000.0,10000.0,6.557276028202554e-5,0.1447414457581255,5,NVIDIA GeForce RTX 2080 Ti,8104256,out/TPB_rmlp_lvl2_5inc1kls_20260928_1122.out,2026-09-28_11-57_j8104256_p254488,results/tahoe/pb/finetune/no_pretrain/lvl2/rmlp/2026-09-28_11-57_j8104256_p254488,finetune,,,,,,0.8220022716209638
tahoe_pb,no_pretrain,lvl2,rmlp,rmlp,,0.8497484991075774,0.8497484991075774,,,21.0,0.65613437,10000.0,10000.0,0.0004186247938104027,0.19407944093266843,5,NVIDIA GeForce RTX 2080 Ti,8104255,out/TPB_rmlp_lvl2_5inc1kls_20260928_1122.out,2026-09-28_11-58_j8104255_p191523,results/tahoe/pb/finetune/no_pretrain/lvl2/rmlp/2026-09-28_11-58_j8104255_p191523,finetune,,,,,,0.8499107577478501
tahoe_pb,no_pretrain,lvl2,rmlp,rmlp_full,,0.04786629888041538,0.04786629888041538,,,21.0,4.0793033,10000.0,10000.0,1.7003382429430794e-5,0.2097921592187177,3,NVIDIA GeForce RTX 2080 Ti,8104260,,2026-09-28_12-04_j8104260_p255112,results/tahoe/pb/finetune/no_pretrain/lvl2/rmlp_full/2026-09-28_12-04_j8104260_p255112,finetune,,,,,,0.047379522959597596
tahoe_pb,no_pretrain,lvl2,rmlp,rmlp_full,,0.011682622099626805,0.00681486289144897,,,11.0,5.1328483,10000.0,10000.0,0.00021033926226979923,0.13763761109008246,3,NVIDIA GH200 144G HBM3e,8104261,out/TPB_rmlp_full_lvl2_ltj8yst3_20260928_1122.out,2026-09-28_12-06_j8104261_p2818110,results/tahoe/pb/finetune/no_pretrain/lvl2/rmlp_full/2026-09-28_12-06_j8104261_p2818110,finetune,,,,,,0.012493915300989778
tahoe_pb,no_pretrain,lvl2,rmlp,rmlp_full,,0.007139380171994158,0.0042187246470874575,,,13.0,5.463035,10000.0,10000.0,0.00010730289660503404,0.26057196036193053,3,NVIDIA GeForce RTX 2080 Ti,8104260,,2026-09-28_12-08_j8104260_p255319,results/tahoe/pb/finetune/no_pretrain/lvl2/rmlp_full/2026-09-28_12-08_j8104260_p255319,finetune,,,,,,0.009573259776083077
tahoe_pb,no_pretrain,lvl2,rmlp,rmlp_full,,0.96560116826221,0.9326626642868733,,,19.0,0.10994035,10000.0,10000.0,0.00014906283741106965,0.10104829183675636,2,NVIDIA GH200 144G HBM3e,8104261,out/TPB_rmlp_full_lvl2_ltj8yst3_20260928_1122.out,2026-09-28_12-10_j8104261_p2818250,results/tahoe/pb/finetune/no_pretrain/lvl2/rmlp_full/2026-09-28_12-10_j8104261_p2818250,finetune,,,,,,0.9644653577803018
tahoe_pb,no_pretrain,lvl2,rmlp,rmlp_full,,0.07171831900048678,0.07171831900048678,,,21.0,4.34894,10000.0,10000.0,1.4570472298341154e-5,0.13855453903405374,3,NVIDIA GeForce RTX 2080 Ti,8104262,,2026-09-28_12-10_j8104262_p192286,results/tahoe/pb/finetune/no_pretrain/lvl2/rmlp_full/2026-09-28_12-10_j8104262_p192286,finetune,,,,,,0.0681486289144897
tahoe_pb,no_pretrain,lvl2,rmlp,rmlp_full,,0.09411001135810482,0.09411001135810482,,,21.0,3.4793046,10000.0,10000.0,1.8972946666108297e-5,0.24511233776698377,4,NVIDIA GeForce RTX 2080 Ti,8104260,out/TPB_rmlp_full_lvl2_ltj8yst3_20260928_1122.out,2026-09-28_12-12_j8104260_p255524,results/tahoe/pb/finetune/no_pretrain/lvl2/rmlp_full/2026-09-28_12-12_j8104260_p255524,finetune,,,,,,0.08989128671101736
tahoe_pb,no_pretrain,lvl2,rmlp,rmlp_full,,0.9031315917572611,0.9031315917572611,,,21.0,0.31949726,10000.0,10000.0,9.476096005497044e-5,0.1077377418910029,2,NVIDIA GH200 144G HBM3e,8104261,out/TPB_rmlp_full_lvl2_ltj8yst3_20260928_1122.out,2026-09-28_12-13_j8104261_p2818371,results/tahoe/pb/finetune/no_pretrain/lvl2/rmlp_full/2026-09-28_12-13_j8104261_p2818371,finetune,,,,,,0.8963167288658122
tahoe_pb,no_pretrain,lvl2,rmlp,rmlp_full,,0.9552166152847639,0.9313645951646925,,,18.0,0.13494702,10000.0,10000.0,6.094419187733445e-5,0.077794023907451,2,NVIDIA GH200 144G HBM3e,8104261,out/TPB_rmlp_full_lvl2_ltj8yst3_20260928_1122.out,2026-09-28_12-16_j8104261_p2818495,results/tahoe/pb/finetune/no_pretrain/lvl2/rmlp_full/2026-09-28_12-16_j8104261_p2818495,finetune,,,,,,0.9571637189680351
tahoe_pb,no_pretrain,lvl2,rmlp,rmlp_full,,0.9325004056466006,0.9183839039428849,,,20.0,0.21593964,10000.0,10000.0,0.00011098024406556856,0.06920998923313448,4,NVIDIA GeForce RTX 2080 Ti,8104260,out/TPB_rmlp_full_lvl2_ltj8yst3_20260928_1122.out,2026-09-28_12-17_j8104260_p255729,results/tahoe/pb/finetune/no_pretrain/lvl2/rmlp_full/2026-09-28_12-17_j8104260_p255729,finetune,,,,,,0.9273081291578776
tahoe_pb,no_pretrain,lvl2,rmlp,rmlp_full,,0.9732273243550219,0.9732273243550219,,,21.0,0.11640643,10000.0,10000.0,1.6585739793688624e-5,0.08837485583124101,3,NVIDIA GeForce RTX 2080 Ti,8104262,out/TPB_rmlp_full_lvl2_ltj8yst3_20260928_1122.out,2026-09-28_12-17_j8104262_p192672,results/tahoe/pb/finetune/no_pretrain/lvl2/rmlp_full/2026-09-28_12-17_j8104262_p192672,finetune,,,,,,0.975174428038293
tahoe_pb,no_pretrain,lvl2,rmlp,rmlp_full,,0.9594353399318514,0.9406133376602304,,,18.0,0.13091716,10000.0,10000.0,0.0001361818269050267,0.013524794914684364,2,NVIDIA GH200 144G HBM3e,8104261,out/TPB_rmlp_full_lvl2_ltj8yst3_20260928_1122.out,2026-09-28_12-19_j8104261_p2818806,results/tahoe/pb/finetune/no_pretrain/lvl2/rmlp_full/2026-09-28_12-19_j8104261_p2818806,finetune,,,,,,0.9563524257666721
tahoe_pb,no_pretrain,lvl2,rmlp,rmlp_full,,0.9753366866785657,0.9320136297257829,,,19.0,0.08584649,10000.0,10000.0,2.812394349027173e-5,0.06556130726963764,4,NVIDIA GeForce RTX 2080 Ti,8104260,out/TPB_rmlp_full_lvl2_ltj8yst3_20260928_1122.out,2026-09-28_12-21_j8104260_p255935,results/tahoe/pb/finetune/no_pretrain/lvl2/rmlp_full/2026-09-28_12-21_j8104260_p255935,finetune,,,,,,0.975985721239656
tahoe_pb,no_pretrain,lvl2,rmlp,rmlp_full,,0.9816647736491968,0.9816647736491968,,,21.0,0.06391613,10000.0,10000.0,2.7337952670465484e-5,0.07401921877832554,4,NVIDIA GeForce RTX 2080 Ti,8104262,out/TPB_rmlp_full_lvl2_ltj8yst3_20260928_1122.out,2026-09-28_12-21_j8104262_p192869,results/tahoe/pb/finetune/no_pretrain/lvl2/rmlp_full/2026-09-28_12-21_j8104262_p192869,finetune,,,,,,0.9776083076423819
tahoe_pb,no_pretrain,lvl2,rmlp,rmlp_full,,0.9754989453188382,0.9720915138731138,,,15.0,0.08094224,10000.0,10000.0,5.2367788376295814e-5,0.05617782650851949,2,NVIDIA GH200 144G HBM3e,8104261,out/TPB_rmlp_full_lvl2_ltj8yst3_20260928_1122.out,2026-09-28_12-23_j8104261_p2818934,results/tahoe/pb/finetune/no_pretrain/lvl2/rmlp_full/2026-09-28_12-23_j8104261_p2818934,finetune,,,,,,0.975174428038293
tahoe_pb,no_pretrain,lvl2,rmlp,rmlp_full,,0.980366704527016,0.9688463410676619,,,18.0,0.06046145,10000.0,10000.0,3.1988275908713004e-5,0.05481977797046638,4,NVIDIA GeForce RTX 2080 Ti,8104260,,2026-09-28_12-26_j8104260_p256134,results/tahoe/pb/finetune/no_pretrain/lvl2/rmlp_full/2026-09-28_12-26_j8104260_p256134,finetune,,,,,,0.9816647736491968
tahoe_pb,no_pretrain,lvl2,rmlp,rmlp_full,,0.9712802206717508,0.9712802206717508,,,21.0,0.104295805,10000.0,10000.0,3.562594907132953e-5,0.07548258127852389,2,NVIDIA GH200 144G HBM3e,8104261,out/TPB_rmlp_full_lvl2_ltj8yst3_20260928_1122.out,2026-09-28_12-26_j8104261_p2819059,results/tahoe/pb/finetune/no_pretrain/lvl2/rmlp_full/2026-09-28_12-26_j8104261_p2819059,finetune,,,,,,0.9686840824273892
tahoe_pb,no_pretrain,lvl2,rmlp,rmlp_full,,0.9724160311536589,0.9535940288820379,,,18.0,0.086658776,10000.0,10000.0,5.4518312559137815e-5,0.09524208031611166,2,NVIDIA GH200 144G HBM3e,8104261,out/TPB_rmlp_full_lvl2_ltj8yst3_20260928_1122.out,2026-09-28_12-29_j8104261_p2819179,results/tahoe/pb/finetune/no_pretrain/lvl2/rmlp_full/2026-09-28_12-29_j8104261_p2819179,finetune,,,,,,0.9719292552328411
tahoe_pb,no_pretrain,lvl2,rmlp,rmlp_full,,0.9714424793120233,0.9484017523933149,,,18.0,0.08507463,10000.0,10000.0,4.2586559977438e-5,0.11388065297446302,6,NVIDIA GeForce RTX 2080 Ti,8104262,,2026-09-28_12-29_j8104262_p193262,results/tahoe/pb/finetune/no_pretrain/lvl2/rmlp_full/2026-09-28_12-29_j8104262_p193262,finetune,,,,,,0.9729028070744767
tahoe_pb,no_pretrain,lvl2,rmlp,rmlp_full,,0.9638163232192114,0.9638163232192114,,,21.0,0.13162598,10000.0,10000.0,0.00020510926888045816,0.04897289054239875,4,NVIDIA GeForce RTX 2080 Ti,8104260,,2026-09-28_12-30_j8104260_p256331,results/tahoe/pb/finetune/no_pretrain/lvl2/rmlp_full/2026-09-28_12-30_j8104260_p256331,finetune,,,,,,0.9542430634431284
tahoe_pb,no_pretrain,lvl2,rmlp,rmlp_full,,0.971604737952296,0.9574882362485803,,,20.0,0.07985803,10000.0,10000.0,5.920990582295277e-5,0.08424187023340751,2,NVIDIA GH200 144G HBM3e,8104261,out/TPB_rmlp_full_lvl2_ltj8yst3_20260928_1122.out,2026-09-28_12-35_j8104261_p2819426,results/tahoe/pb/finetune/no_pretrain/lvl2/rmlp_full/2026-09-28_12-35_j8104261_p2819426,finetune,,,,,,0.9740386175563849
tahoe_sc,no_pretrain,lvl1,emlp,emlp_full_zc,,0.9065567960304802,0.1222789296473507,,,,0.8327848,10000.0,10000.0,0.004174421419298337,0.03392200076662907,19,NVIDIA RTX 6000 Ada Generation,8107481,out/TSC_emlp_lvl1_full_dt63vrzx_20260930_1125.out,2026-09-30_13-40_j8107481,results/tahoe/sc/finetune/no_pretrain/lvl1/emlp_full_zc/2026-09-30_13-40_j8107481,finetune,NaN,0.96,NaN,0.2222222222222222,1000.0,0.9135743245334407
tahoe_sc,no_pretrain,lvl1,emlp,emlp_full_zc,,0.9818845301707285,0.9818704407522341,,,,0.16577919,10000.0,10000.0,7.875317691527558e-5,0.09269290815833262,19,NVIDIA RTX 6000 Ada Generation,8107481,out/TSC_emlp_lvl1_full_dt63vrzx_20260930_1125.out,2026-09-30_13-59_j8107481,results/tahoe/sc/finetune/no_pretrain/lvl1/emlp_full_zc/2026-09-30_13-59_j8107481,finetune,NaN,0.9644444444444444,NaN,0.9644444444444444,7000.0,0.9799465521957789
tahoe_sc,no_pretrain,lvl1,emlp,emlp_full_zc,,0.9795394916357072,0.9795310958587831,,,,0.15416598,10000.0,10000.0,6.744531410709583e-5,0.09116810348679022,20,NVIDIA RTX 6000 Ada Generation,8107481,out/TSC_emlp_lvl1_full_dt63vrzx_20260930_1125.out,2026-09-30_14-19_j8107481,results/tahoe/sc/finetune/no_pretrain/lvl1/emlp_full_zc/2026-09-30_14-19_j8107481,finetune,NaN,0.9755555555555555,NaN,0.9755555555555555,8000.0,0.9812267740550464
tahoe_sc,no_pretrain,lvl1,emlp,emlp_full_zc,,0.9838217349820769,0.9835708502332088,,,,0.16023,10000.0,10000.0,1.1589013909750634e-5,0.13863790257646522,17,NVIDIA RTX 6000 Ada Generation,8107481,out/TSC_emlp_lvl1_full_dt63vrzx_20260930_1125.out,2026-09-30_14-40_j8107481,results/tahoe/sc/finetune/no_pretrain/lvl1/emlp_full_zc/2026-09-30_14-40_j8107481,finetune,NaN,0.9755555555555555,NaN,0.9666666666666667,9000.0,0.9802216739121921
tahoe_sc,no_pretrain,lvl1,emlp,emlp_full_zc,,0.9784730542427519,0.9784730542427519,,,,0.15660238,10000.0,10000.0,2.149077864597786e-6,0.052453610969882686,15,NVIDIA RTX 6000 Ada Generation,8107481,out/TSC_emlp_lvl1_full_dt63vrzx_20260930_1125.out,2026-09-30_14-58_j8107481,results/tahoe/sc/finetune/no_pretrain/lvl1/emlp_full_zc/2026-09-30_14-58_j8107481,finetune,NaN,0.96,NaN,0.96,10000.0,0.9804851083788402
tahoe_sc,no_pretrain,lvl1,emlp,emlp_zc,,0.8795785527198094,0.8795785527198094,,,,0.7487078,10000.0,10000.0,2.099218715083281e-6,0.04130617740533805,9,NVIDIA RTX 6000 Ada Generation,8107474,out/TSC_emlp_lvl1_drfgbsw0_20260930_1054.out,2026-09-30_10-55_j8107474,results/tahoe/sc/finetune/no_pretrain/lvl1/emlp_zc/2026-09-30_10-55_j8107474,finetune,NaN,0.8622222222222222,NaN,0.8622222222222222,10000.0,0.8852810143934201
tahoe_sc,no_pretrain,lvl1,emlp,emlp_zc,,0.9696996167825688,0.9696996167825688,,,,0.2336374,10000.0,10000.0,9.2202303867032e-6,0.14572769081298198,9,NVIDIA RTX 6000 Ada Generation,8107474,out/TSC_emlp_lvl1_drfgbsw0_20260930_1054.out,2026-09-30_11-06_j8107474,results/tahoe/sc/finetune/no_pretrain/lvl1/emlp_zc/2026-09-30_11-06_j8107474,finetune,NaN,0.9577777777777777,NaN,0.9577777777777777,10000.0,0.9687211093990755
tahoe_sc,no_pretrain,lvl1,emlp,emlp_zc,,0.9750501885588848,0.9750501885588848,,,,0.1942403,10000.0,10000.0,0.0010552502575727962,0.09878498746629732,9,NVIDIA RTX 6000 Ada Generation,8107474,out/TSC_emlp_lvl1_drfgbsw0_20260930_1054.out,2026-09-30_11-16_j8107474,results/tahoe/sc/finetune/no_pretrain/lvl1/emlp_zc/2026-09-30_11-16_j8107474,finetune,NaN,0.9733333333333334,NaN,0.9733333333333334,10000.0,0.9746754864244
tahoe_sc,no_pretrain,lvl1,emlp,emlp_zc,,0.9680525436907218,0.9655526503134709,,,,0.28502068,10000.0,10000.0,0.0029879164441767177,0.0444979146172626,11,NVIDIA RTX 6000 Ada Generation,8107474,out/TSC_emlp_lvl1_drfgbsw0_20260930_1054.out,2026-09-30_11-26_j8107474,results/tahoe/sc/finetune/no_pretrain/lvl1/emlp_zc/2026-09-30_11-26_j8107474,finetune,NaN,0.96,NaN,0.96,4000.0,0.9684121649586941
tahoe_sc,no_pretrain,lvl1,emlp,emlp_zc,,0.9758472393499945,0.9761594417820515,,,,0.19331191,10000.0,10000.0,0.0005638781540292097,0.07273689922155167,11,NVIDIA RTX 6000 Ada Generation,8107474,out/TSC_emlp_lvl1_drfgbsw0_20260930_1054.out,2026-09-30_11-44_j8107474,results/tahoe/sc/finetune/no_pretrain/lvl1/emlp_zc/2026-09-30_11-44_j8107474,finetune,NaN,0.9644444444444444,NaN,0.9666666666666667,9000.0,0.9754774669123807
tahoe_sc,no_pretrain,lvl1,emlp,emlp_zc,,0.9772855026854477,0.9772855026854477,,,,0.15360878,10000.0,10000.0,0.00013709019664978457,0.14174871945912315,12,NVIDIA RTX 6000 Ada Generation,8107474,out/TSC_emlp_lvl1_drfgbsw0_20260930_1054.out,2026-09-30_11-56_j8107474,results/tahoe/sc/finetune/no_pretrain/lvl1/emlp_zc/2026-09-30_11-56_j8107474,finetune,NaN,0.96,NaN,0.96,10000.0,0.9806046776953794
tahoe_sc,no_pretrain,lvl1,emlp,emlp_zc,,0.980753081533962,0.980753081533962,,,,0.17623624,10000.0,10000.0,4.120475776336914e-5,0.21011396765763085,10,NVIDIA RTX 6000 Ada Generation,8107474,out/TSC_emlp_lvl1_drfgbsw0_20260930_1054.out,2026-09-30_12-09_j8107474,results/tahoe/sc/finetune/no_pretrain/lvl1/emlp_zc/2026-09-30_12-09_j8107474,finetune,NaN,0.96,NaN,0.96,10000.0,0.9772968459143021
tahoe_sc,no_pretrain,lvl1,emlp,emlp_zc,,0.9804058302372106,0.9804058302372106,,,,0.17394279,10000.0,10000.0,0.00031963150659120027,0.1933914654877525,9,NVIDIA RTX 6000 Ada Generation,8107474,out/TSC_emlp_lvl1_drfgbsw0_20260930_1054.out,2026-09-30_12-19_j8107474,results/tahoe/sc/finetune/no_pretrain/lvl1/emlp_zc/2026-09-30_12-19_j8107474,finetune,NaN,0.96,NaN,0.96,10000.0,0.9775690479864219
tahoe_sc,no_pretrain,lvl1,rlog,rlog,1,0.981289070920457,0.981289070920457,,,,0.15832971,500.0,500.0,0.001,0.1,3,NVIDIA RTX 6000 Ada Generation,8103971,out/smk_S_l1_rlog_wcl_20260927_1932.out,2026-09-27_19-45_j8103971_wcl,results/tahoe/sc/finetune/no_pretrain/lvl1/rlog/2026-09-27_19-45_j8103971_wcl,finetune,NaN,0.9745222929936306,NaN,0.9745222929936306,500.0,
tahoe_sc,no_pretrain,lvl1,rtf,rtf,1,0.2890162276688978,0.2890162276688978,,,,2.622652,300.0,300.0,0.0005,0.1,18,NVIDIA GH200 144G HBM3e MIG 1g.18gb,8103528,out/smk_S_l1_rtf_20260927_1129.out,2026-09-27_11-38_j8103528,results/tahoe/sc/finetune/no_pretrain/lvl1/rtf/2026-09-27_11-38_j8103528,finetune,,,,,300.0,
tahoe_sc,no_pretrain,lvl2,elog,elog,1,0.02104373359434088,0.02104373359434088,,,,5.0776935,500.0,500.0,0.001,0.1,3,NVIDIA RTX 6000 Ada Generation,8103970,out/smk_S_l2_elog_wcl_20260927_1932.out,2026-09-27_19-41_j8103970_wcl,results/tahoe/sc/finetune/no_pretrain/lvl2/elog/2026-09-27_19-41_j8103970_wcl,finetune,0.0989010989010989,0.06387665198237885,0.0989010989010989,0.06387665198237885,500.0,
tahoe_sc,no_pretrain,lvl2,elog,elog,1,0.05148465908048384,0.04953087341839097,,,,5.5142183,40000.0,40000.0,0.001,0.1,236,NVIDIA RTX 6000 Ada Generation,8103973,out/TSC_lvl2_elog_wcl_s1_20260927_1949.out,2026-09-27_20-41_j8103973_wcl,results/tahoe/sc/finetune/no_pretrain/lvl2/elog/2026-09-27_20-41_j8103973_wcl,finetune,0.2582628747117602,0.22353482663393678,0.2590315142198309,0.21893218778766493,36000.0,
tahoe_sc,no_pretrain,lvl2,elog,elog_full_zc,1,0.05327598307287143,0.05327598307287143,,,,12.418844,2000.0,2000.0,0.001,0.1,67,NVIDIA RTX 6000 Ada Generation,8104298,out/memtest_elog_full_20260928_1159.out,2026-09-28_12-35_j8104298,results/tahoe/sc/finetune/no_pretrain/lvl2/elog_full_zc/2026-09-28_12-35_j8104298,finetune,0.4036697247706422,0.14291315428347384,0.4036697247706422,0.14291315428347384,2000.0,0.039847484023414426
tahoe_sc,no_pretrain,lvl2,elog,elog_full_zc,1,0.08840426540783748,0.08840426540783748,,,,35.073696,40000.0,40000.0,0.001,0.1,122,NVIDIA RTX 6000 Ada Generation,8105639,out/TSC_lvl2_elog_full_dd_s1_20260928_1930.out,2026-09-28_20-00_j8105639,results/tahoe/sc/finetune/no_pretrain/lvl2/elog_full_zc/2026-09-28_20-00_j8105639,finetune,0.3953488372093023,0.3757378067722895,0.3953488372093023,0.3757378067722895,40000.0,0.09521256075920068
tahoe_sc,no_pretrain,lvl2,elog,elog_full_zc,1,0.09337628947451608,0.09484252341864852,,,,40.137398,80000.0,80000.0,0.001,0.1,290,NVIDIA RTX 6000 Ada Generation,8106415,out/TSC_lvl2_elog_full_80k_s1_20260929_1141.out,2026-09-29_11-47_j8106415,results/tahoe/sc/finetune/no_pretrain/lvl2/elog_full_zc/2026-09-29_11-47_j8106415,finetune,0.4496124031007752,0.3971730351040696,0.4728682170542636,0.409443926685306,52000.0,0.1027775634596096
tahoe_sc,no_pretrain,lvl2,elog,elog_full_zc,2,0.09127032544404248,0.09022547400294025,,,,44.758797,80000.0,80000.0,0.001,0.1,230,NVIDIA RTX 6000 Ada Generation,8107030,out/TSC_lvl2_elog_full_80k_s2_20260929_1648.out,2026-09-29_16-54_j8107030,results/tahoe/sc/finetune/no_pretrain/lvl2/elog_full_zc/2026-09-29_16-54_j8107030,finetune,0.5476190476190477,0.44,0.5158730158730159,0.44253968253968257,64000.0,0.08682180784136091
tahoe_sc,no_pretrain,lvl2,elog,elog_full_zc,3,0.087139678586675,0.08383098653749403,,,,43.053577,80000.0,80000.0,0.001,0.1,188,NVIDIA RTX 6000 Ada Generation,8107032,out/TSC_lvl2_elog_full_80k_s3_20260929_1648.out,2026-09-29_21-19_j8107032,results/tahoe/sc/finetune/no_pretrain/lvl2/elog_full_zc/2026-09-29_21-19_j8107032,finetune,0.532258064516129,0.4390322580645161,0.47580645161290325,0.40774193548387094,72000.0,0.08996084828711257
tahoe_sc,no_pretrain,lvl2,elog,elog_z,1,0.02624905458913556,0.02624905458913556,,,,4.7913475,500.0,500.0,0.001,0.1,4,NVIDIA RTX 6000 Ada Generation,8103979,out/smk_S_l2_elog_z_20260927_2226.out,2026-09-27_23-49_j8103979_wcl,results/tahoe/sc/finetune/no_pretrain/lvl2/elog_z/2026-09-27_23-49_j8103979_wcl,finetune,0.17582417582417584,0.10352422907488987,0.17582417582417584,0.10352422907488987,500.0,
tahoe_sc,no_pretrain,lvl2,elog,elog_z,1,0.03602518320928165,0.03660893208495909,,,,5.75882,40000.0,40000.0,0.001,0.1,102,NVIDIA GH200 144G HBM3e MIG 1g.18gb,8103987,out/TSC_lvl2_elog_z_w_s1_20260927_2354.out,2026-09-27_23-55_j8103987,results/tahoe/sc/finetune/no_pretrain/lvl2/elog_z/2026-09-27_23-55_j8103987,finetune,0.23076923076923078,0.18460111317254174,0.27692307692307694,0.20624613481756338,4000.0,
tahoe_sc,no_pretrain,lvl2,elog,elog_z,1,0.058233433242418586,0.054616199087110864,,,,5.3616314,40000.0,40000.0,0.001,0.1,102,NVIDIA GH200 144G HBM3e MIG 1g.18gb,8103988,out/TSC_lvl2_elog_z_wcl_s1_20260927_2354.out,2026-09-28_01-38_j8103988_wcl,results/tahoe/sc/finetune/no_pretrain/lvl2/elog_z/2026-09-28_01-38_j8103988_wcl,finetune,0.4650269023827825,0.3548634550475606,0.42813220599538815,0.33599263577784594,36000.0,
tahoe_sc,no_pretrain,lvl2,elog,elog_zc,1,0.0,0.0,,,,5.4514365,500.0,500.0,0.001,0.1,4,NVIDIA RTX 6000 Ada Generation,8104109,out/smk_dd_elog_20260928_1029.out,2026-09-28_10-29_j8104109,results/tahoe/sc/finetune/no_pretrain/lvl2/elog_zc/2026-09-28_10-29_j8104109,finetune,0.0,0.0,0.0,0.0,250.0,0.0
tahoe_sc,no_pretrain,lvl2,elog,elog_zc,1,0.04991279332365142,0.04991279332365142,,,,5.9012647,2000.0,2000.0,0.001,0.1,65,NVIDIA RTX 6000 Ada Generation,8104297,out/memtest_elog_20260928_1159.out,2026-09-28_12-27_j8104297,results/tahoe/sc/finetune/no_pretrain/lvl2/elog_zc/2026-09-28_12-27_j8104297,finetune,0.3394495412844037,0.124877475004901,0.3394495412844037,0.124877475004901,2000.0,0.03850491380699211
tahoe_sc,no_pretrain,lvl2,elog,elog_zc,1,0.05176285259686206,0.046671127361621864,,,,6.362577,40000.0,40000.0,0.001,0.1,195,NVIDIA RTX 6000 Ada Generation,8105638,out/TSC_lvl2_elog_dd_s1_20260928_1930.out,2026-09-28_19-31_j8105638,results/tahoe/sc/finetune/no_pretrain/lvl2/elog_zc/2026-09-28_19-31_j8105638,finetune,0.3488372093023256,0.25054364709537125,0.32558139534883723,0.24666045355700528,16000.0,0.05116503356222514
tahoe_sc,no_pretrain,lvl2,elog,elog_zc,1,0.05456402853439828,0.04714350442030284,,,,6.492493,80000.0,80000.0,0.001,0.1,284,NVIDIA RTX 6000 Ada Generation,8106414,out/TSC_lvl2_elog_80k_s1_20260929_1141.out,2026-09-29_11-47_j8106414,results/tahoe/sc/finetune/no_pretrain/lvl2/elog_zc/2026-09-29_11-47_j8106414,finetune,0.4108527131782946,0.28238583410997203,0.3178294573643411,0.23842808325566947,20000.0,0.052804567548800245
tahoe_sc,no_pretrain,lvl2,elog,elog_zc,1,0.0,0.0,,,,5.4514365,500.0,500.0,0.001,0.1,3,NVIDIA GeForce RTX 2080 Ti,8107018,out/test_vc0_20260929_1643.out,2026-09-29_16-43_j8107018,results/tahoe/sc/finetune/no_pretrain/lvl2/elog_zc/2026-09-29_16-43_j8107018,finetune,0.0,0.0,0.0,0.0,250.0,0.0
tahoe_sc,no_pretrain,lvl2,elog,elog_zc,1,0.0,0.0,,,,5.4514365,500.0,500.0,0.001,0.1,4,NVIDIA GeForce RTX 2080 Ti,8107019,out/test_vc1_20260929_1643.out,2026-09-29_16-43_j8107019,results/tahoe/sc/finetune/no_pretrain/lvl2/elog_zc/2026-09-29_16-43_j8107019,finetune,0.0,0.0,0.0,0.0,250.0,0.0
tahoe_sc,no_pretrain,lvl2,elog,elog_zc,2,0.041666288378111996,0.04084597426058243,,,,6.988358,80000.0,80000.0,0.001,0.1,270,NVIDIA RTX 6000 Ada Generation,8107029,out/TSC_lvl2_elog_80k_s2_20260929_1648.out,2026-09-29_16-49_j8107029,results/tahoe/sc/finetune/no_pretrain/lvl2/elog_zc/2026-09-29_16-49_j8107029,finetune,0.3412698412698413,0.24126984126984127,0.30158730158730157,0.2057142857142857,64000.0,0.040247999396044086
tahoe_sc,no_pretrain,lvl2,elog,elog_zc,3,0.03323401917326861,0.03164104544624047,,,,6.7400393,80000.0,80000.0,0.001,0.1,231,NVIDIA RTX 6000 Ada Generation,8107031,out/TSC_lvl2_elog_80k_s3_20260929_1648.out,2026-09-29_20-46_j8107031,results/tahoe/sc/finetune/no_pretrain/lvl2/elog_zc/2026-09-29_20-46_j8107031,finetune,0.3548387096774194,0.2343548387096774,0.31451612903225806,0.2061290322580645,72000.0,0.04503752039151713
tahoe_sc,no_pretrain,lvl2,emlp,emlp_full_zc,1,0.05642048950874834,0.05642048950874834,,,,6.6095357,10000.0,10000.0,0.0001,0.1,51,NVIDIA GH200 144G HBM3e MIG 1g.18gb,8107970,out/test_sc_lvl2_emlp_full_balrog_20260930_1658.out,2026-09-30_16-59_j8107970,results/tahoe/sc/finetune/no_pretrain/lvl2/emlp_full_zc/2026-09-30_16-59_j8107970,finetune,0.232,0.17299648653170488,0.232,0.17299648653170488,10000.0,0.06706396645552681
tahoe_sc,no_pretrain,lvl2,emlp,emlp_full_zc,,0.010016397582690413,0.010016397582690413,,,,6.2851896,10000.0,10000.0,5.8017390862031714e-6,0.09169182664948154,55,NVIDIA GH200 144G HBM3e,8107976,out/TSC_mlp_lvl2_agent_emd3bolr_20260930_2031.out,2026-09-30_20-33_j8107976,results/tahoe/sc/finetune/no_pretrain/lvl2/emlp_full_zc/2026-09-30_20-33_j8107976,finetune,0.024,0.012715409068094362,0.024,0.012715409068094362,10000.0,0.005524132393612276
tahoe_sc,no_pretrain,lvl2,emlp,emlp_full_zc,,0.0024471880457709533,0.0,,,,6.541058,10000.0,10000.0,0.0059720983068051415,0.14321498826858622,53,NVIDIA GH200 144G HBM3e,8107976,out/TSC_mlp_lvl2_agent_emd3bolr_20260930_2031.out,2026-09-30_21-31_j8107976,results/tahoe/sc/finetune/no_pretrain/lvl2/emlp_full_zc/2026-09-30_21-31_j8107976,finetune,0.008,0.008198092688639786,0.0,0.0,8000.0,0.016097778570791327
tahoe_sc,no_pretrain,lvl2,emlp,emlp_full_zc,,0.0022053148086889404,0.002571681623680813,,,,8.988453,10000.0,10000.0,0.004486600770563431,0.2950487361345495,52,NVIDIA GH200 144G HBM3e,8107976,out/TSC_mlp_lvl2_agent_emd3bolr_20260930_2031.out,2026-09-30_22-25_j8107976,results/tahoe/sc/finetune/no_pretrain/lvl2/emlp_full_zc/2026-09-30_22-25_j8107976,finetune,0.008,0.007696168646478166,0.008,0.011376944955663377,4000.0,0.011048264787224552
tahoe_sc,no_pretrain,lvl2,emlp,emlp_full_zc,,0.034808404383596725,0.028807813928341496,,,,6.954863,10000.0,10000.0,6.748595308834236e-5,0.03141914562567788,55,NVIDIA GH200 144G HBM3e,8107976,out/TSC_mlp_lvl2_agent_emd3bolr_20260930_2031.out,2026-09-30_23-33_j8107976,results/tahoe/sc/finetune/no_pretrain/lvl2/emlp_full_zc/2026-09-30_23-33_j8107976,finetune,0.12,0.08432323908315208,0.08,0.06625397356533377,9000.0,0.030482647872245517
tahoe_sc,no_pretrain,lvl2,emlp,emlp_full_zc,,0.021284844863217127,0.026481562501111548,,,,6.5208964,10000.0,10000.0,4.9817926402620686e-5,0.09533097683064864,53,NVIDIA GH200 144G HBM3e,8107976,out/TSC_mlp_lvl2_agent_emd3bolr_20260930_2031.out,2026-10-01_01-05_j8107976,results/tahoe/sc/finetune/no_pretrain/lvl2/emlp_full_zc/2026-10-01_01-05_j8107976,finetune,0.024,0.026100050192404217,0.072,0.06257319725614857,8000.0,0.026468016772236595
tahoe_sc,no_pretrain,lvl2,emlp,emlp_full_zc,,0.0,0.0,,,,6.2696815,10000.0,10000.0,0.006816330398168805,0.1066078473107424,52,NVIDIA GH200 144G HBM3e,8107976,out/TSC_mlp_lvl2_agent_emd3bolr_20260930_2031.out,2026-10-01_02-11_j8107976,results/tahoe/sc/finetune/no_pretrain/lvl2/emlp_full_zc/2026-10-01_02-11_j8107976,finetune,0.0,0.0,0.0,0.0,3000.0,0.013164421447051477
tahoe_sc,no_pretrain,lvl2,emlp,emlp_full_zc,,0.05207388516000982,0.05674772977068283,,,,6.7651825,10000.0,10000.0,0.0001503573244121093,0.02366894902244268,54,NVIDIA GH200 144G HBM3e,8107976,out/TSC_mlp_lvl2_agent_emd3bolr_20260930_2031.out,2026-10-01_03-47_j8107976,results/tahoe/sc/finetune/no_pretrain/lvl2/emlp_full_zc/2026-10-01_03-47_j8107976,finetune,0.168,0.13434833528526016,0.208,0.15977915342144888,9000.0,0.06385226157551967
tahoe_sc,no_pretrain,lvl2,emlp,emlp_full_zc,,0.0,0.003421794912836711,,,,6.376633,10000.0,10000.0,0.007957805440441224,0.29247046332085047,52,NVIDIA GH200 144G HBM3e,8107976,out/TSC_mlp_lvl2_agent_emd3bolr_20260930_2031.out,2026-10-01_05-49_j8107976,results/tahoe/sc/finetune/no_pretrain/lvl2/emlp_full_zc/2026-10-01_05-49_j8107976,finetune,0.0,0.0,0.008,0.00786347666053204,4000.0,0.034739941118743865
tahoe_sc,no_pretrain,lvl2,emlp,emlp_full_zc,,0.012573851368895814,0.011912256926289132,,,,6.8359294,10000.0,10000.0,0.0012618554918220294,0.10175110484310036,55,NVIDIA GH200 144G HBM3e,8107976,out/TSC_mlp_lvl2_agent_emd3bolr_20260930_2031.out,2026-10-01_07-51_j8107976,results/tahoe/sc/finetune/no_pretrain/lvl2/emlp_full_zc/2026-10-01_07-51_j8107976,finetune,0.016,0.01740003346160281,0.032,0.023255813953488372,9000.0,0.015037915960388974
tahoe_sc,no_pretrain,lvl2,emlp,emlp_full_zc,,0.01967354226912666,0.01967354226912666,,,,6.614458,10000.0,10000.0,0.0003408492807733018,0.20977127763000025,54,NVIDIA GH200 144G HBM3e,8107976,out/TSC_mlp_lvl2_agent_emd3bolr_20260930_2031.out,2026-10-01_08-47_j8107976,results/tahoe/sc/finetune/no_pretrain/lvl2/emlp_full_zc/2026-10-01_08-47_j8107976,finetune,0.032,0.027438514304835203,0.032,0.027438514304835203,10000.0,0.0237452047461861
tahoe_sc,no_pretrain,lvl2,emlp,emlp_full_zc,,0.04700521805939411,0.04700521805939411,,,,6.5040226,10000.0,10000.0,8.096430919529592e-5,0.1445163741376776,53,NVIDIA GH200 144G HBM3e,8107976,out/TSC_mlp_lvl2_agent_emd3bolr_20260930_2031.out,2026-10-01_09-44_j8107976,results/tahoe/sc/finetune/no_pretrain/lvl2/emlp_full_zc/2026-10-01_09-44_j8107976,finetune,0.12,0.10590597289610172,0.12,0.10590597289610172,10000.0,0.04446426978320992
tahoe_sc,no_pretrain,lvl2,emlp,emlp_full_zc,,0.019292947616659374,0.019292947616659374,,,,7.1699004,10000.0,10000.0,0.0008698093363065952,0.25139753282289634,55,NVIDIA GH200 144G HBM3e,8107976,out/TSC_mlp_lvl2_agent_emd3bolr_20260930_2031.out,2026-10-01_10-39_j8107976,results/tahoe/sc/finetune/no_pretrain/lvl2/emlp_full_zc/2026-10-01_10-39_j8107976,finetune,0.048,0.037978919190229214,0.048,0.037978919190229214,10000.0,0.02666428762601481
tahoe_sc,no_pretrain,lvl2,emlp,emlp_full_zc,,0.047581445477148314,0.045308548440451166,,,,6.6696863,10000.0,10000.0,0.0004935806396868903,0.04623110977285019,57,NVIDIA GH200 144G HBM3e,8107976,out/TSC_mlp_lvl2_agent_emd3bolr_20260930_2031.out,2026-10-01_13-37_j8107976,results/tahoe/sc/finetune/no_pretrain/lvl2/emlp_full_zc/2026-10-01_13-37_j8107976,finetune,0.176,0.1291617868495901,0.144,0.12748870670905135,8000.0,0.053082344544562406
tahoe_sc,no_pretrain,lvl2,emlp,emlp_full_zc,,0.0024471880457709533,0.014761381380740488,,,,6.192244,10000.0,10000.0,0.003909133510264906,0.2898511452262942,52,NVIDIA GH200 144G HBM3e,8107976,out/TSC_mlp_lvl2_agent_emd3bolr_20260930_2031.out,2026-10-01_14-36_j8107976,results/tahoe/sc/finetune/no_pretrain/lvl2/emlp_full_zc/2026-10-01_14-36_j8107976,finetune,0.008,0.008198092688639786,0.008,0.008365400702693659,3000.0,0.016097778570791327
tahoe_sc,no_pretrain,lvl2,emlp,emlp_full_zc,,0.0867791377219098,0.0867791377219098,,,,6.082195,10000.0,10000.0,3.261088228344338e-5,0.08231509081512145,50,NVIDIA GH200 144G HBM3e,8107976,out/TSC_mlp_lvl2_agent_emd3bolr_20260930_2031.out,2026-10-01_15-30_j8107976,results/tahoe/sc/finetune/no_pretrain/lvl2/emlp_full_zc/2026-10-01_15-30_j8107976,finetune,0.368,0.28024092354023755,0.368,0.28024092354023755,10000.0,0.10509055223481131
tahoe_sc,no_pretrain,lvl2,emlp,emlp_zc,,0.0015117077317625802,0.0015117077317625802,,,,5.935417,10000.0,10000.0,1.5451933351843236e-6,0.25151526629451326,51,NVIDIA GH200 144G HBM3e,8107976,out/TSC_mlp_lvl2_agent_d7o4nwup_20260930_2030.out,2026-09-30_20-32_j8107976,results/tahoe/sc/finetune/no_pretrain/lvl2/emlp_zc/2026-09-30_20-32_j8107976,finetune,0.0,0.001003848084323239,0.0,0.001003848084323239,10000.0,0.0014131501472031403
tahoe_sc,no_pretrain,lvl2,emlp,emlp_zc,,0.013772546676199317,0.010958991815436492,,,,6.728496,10000.0,10000.0,6.277837198135578e-6,0.07117456027736403,47,NVIDIA GH200 144G HBM3e,8107976,out/TSC_mlp_lvl2_agent_d7o4nwup_20260930_2030.out,2026-09-30_21-25_j8107976,results/tahoe/sc/finetune/no_pretrain/lvl2/emlp_zc/2026-09-30_21-25_j8107976,finetune,0.016,0.022419273883219005,0.008,0.011544252969717249,9000.0,0.016058524400035686
tahoe_sc,no_pretrain,lvl2,emlp,emlp_zc,,0.005442147834345289,0.009237423480911578,,,,6.7100897,10000.0,10000.0,0.0018801758803904773,0.061714558049847726,49,NVIDIA GH200 144G HBM3e,8107976,out/TSC_mlp_lvl2_agent_d7o4nwup_20260930_2030.out,2026-09-30_22-15_j8107976,results/tahoe/sc/finetune/no_pretrain/lvl2/emlp_zc/2026-09-30_22-15_j8107976,finetune,0.016,0.009369248787016898,0.032,0.026601974234565836,7000.0,0.01859933981621911
tahoe_sc,no_pretrain,lvl2,emlp,emlp_zc,,0.016390468771675222,0.02514058881905392,,,,6.596389,10000.0,10000.0,0.00021086078232473963,0.2012900946676516,52,NVIDIA GH200 144G HBM3e,8107976,out/TSC_mlp_lvl2_agent_d7o4nwup_20260930_2030.out,2026-09-30_23-32_j8107976,results/tahoe/sc/finetune/no_pretrain/lvl2/emlp_zc/2026-09-30_23-32_j8107976,finetune,0.04,0.03730968713401372,0.12,0.06809436171992639,7000.0,0.03304844321527344
tahoe_sc,no_pretrain,lvl2,emlp,emlp_zc,,0.0006900501175575071,0.013833014985469821,,,,6.077562,10000.0,10000.0,3.0353029582414317e-5,0.11157735733596814,50,NVIDIA GH200 144G HBM3e,8107976,out/TSC_mlp_lvl2_agent_d7o4nwup_20260930_2030.out,2026-10-01_01-27_j8107976,results/tahoe/sc/finetune/no_pretrain/lvl2/emlp_zc/2026-10-01_01-27_j8107976,finetune,0.0,0.00016730801405387318,0.04,0.025096202108080976,1000.0,0.06229993755018289
tahoe_sc,no_pretrain,lvl2,emlp,emlp_zc,,0.007483842512066984,0.011385826939698867,,,,6.747331,10000.0,10000.0,0.00032700899230963377,0.07757184075595244,49,NVIDIA GH200 144G HBM3e,8107976,out/TSC_mlp_lvl2_agent_d7o4nwup_20260930_2030.out,2026-10-01_03-45_j8107976,results/tahoe/sc/finetune/no_pretrain/lvl2/emlp_zc/2026-10-01_03-45_j8107976,finetune,0.008,0.012380793039986616,0.04,0.021750041827003512,7000.0,0.01454188598447676
tahoe_sc,no_pretrain,lvl2,emlp,emlp_zc,,0.009443727124305058,0.012097218813469493,,,,6.664099,10000.0,10000.0,0.004347697905536828,0.029909160770325967,48,NVIDIA GH200 144G HBM3e,8107976,out/TSC_mlp_lvl2_agent_d7o4nwup_20260930_2030.out,2026-10-01_05-06_j8107976,results/tahoe/sc/finetune/no_pretrain/lvl2/emlp_zc/2026-10-01_05-06_j8107976,finetune,0.008,0.01422118119457922,0.024,0.022921197925380627,4000.0,0.011530020519225623
tahoe_sc,no_pretrain,lvl2,emlp,emlp_zc,,0.022273679567758296,0.016358456137355544,,,,6.565397,10000.0,10000.0,6.179391482086858e-6,0.24929580403130905,48,NVIDIA GH200 144G HBM3e,8107976,out/TSC_mlp_lvl2_agent_d7o4nwup_20260930_2030.out,2026-10-01_06-40_j8107976,results/tahoe/sc/finetune/no_pretrain/lvl2/emlp_zc/2026-10-01_06-40_j8107976,finetune,0.096,0.04785009201940773,0.048,0.033461602810774635,9000.0,0.019459363011865464
tahoe_sc,no_pretrain,lvl2,emlp,emlp_zc,,0.003951781858795827,0.015703975613486566,,,,6.8225174,10000.0,10000.0,0.00408286020448855,0.08329870552458041,50,NVIDIA GH200 144G HBM3e,8107976,out/TSC_mlp_lvl2_agent_d7o4nwup_20260930_2030.out,2026-10-01_07-30_j8107976,results/tahoe/sc/finetune/no_pretrain/lvl2/emlp_zc/2026-10-01_07-30_j8107976,finetune,0.008,0.009369248787016898,0.008,0.010205788857286263,9000.0,0.01529842091176733
tahoe_sc,no_pretrain,lvl2,emlp,emlp_zc,,0.016187722087650593,0.017976872650183717,,,,6.6239076,10000.0,10000.0,0.001256688455969456,0.07257095264935882,50,NVIDIA GH200 144G HBM3e,8107976,out/TSC_mlp_lvl2_agent_d7o4nwup_20260930_2030.out,2026-10-01_08-22_j8107976,results/tahoe/sc/finetune/no_pretrain/lvl2/emlp_zc/2026-10-01_08-22_j8107976,finetune,0.024,0.024259662037811613,0.056,0.037978919190229214,5000.0,0.014163618520831475
tahoe_sc,no_pretrain,lvl2,emlp,emlp_zc,,0.0027424156733857627,0.00811342432035399,,,,6.4323945,10000.0,10000.0,0.002734442715396496,0.07277388318950645,50,NVIDIA GH200 144G HBM3e,8107976,out/TSC_mlp_lvl2_agent_d7o4nwup_20260930_2030.out,2026-10-01_09-46_j8107976,results/tahoe/sc/finetune/no_pretrain/lvl2/emlp_zc/2026-10-01_09-46_j8107976,finetune,0.016,0.01104232892755563,0.024,0.023088505939434498,4000.0,0.012832545276117406
tahoe_sc,no_pretrain,lvl2,emlp,emlp_zc,,0.029373370467989143,0.021508933303454873,,,,7.308925,10000.0,10000.0,0.00030454029633926726,0.050790513884169754,52,NVIDIA GH200 144G HBM3e,8107976,out/TSC_mlp_lvl2_agent_d7o4nwup_20260930_2030.out,2026-10-01_10-38_j8107976,results/tahoe/sc/finetune/no_pretrain/lvl2/emlp_zc/2026-10-01_10-38_j8107976,finetune,0.168,0.09101555964530701,0.072,0.053371256483185546,9000.0,0.030068694798822376
tahoe_sc,no_pretrain,lvl2,emlp,emlp_zc,,0.006178438423697886,0.006413197742042192,,,,6.7576885,10000.0,10000.0,0.002168964763010282,0.04708975105398533,52,NVIDIA GH200 144G HBM3e,8107976,out/TSC_mlp_lvl2_agent_d7o4nwup_20260930_2030.out,2026-10-01_11-32_j8107976,results/tahoe/sc/finetune/no_pretrain/lvl2/emlp_zc/2026-10-01_11-32_j8107976,finetune,0.008,0.01204617701187887,0.016,0.00786347666053204,3000.0,0.020929610134713176
tahoe_sc,no_pretrain,lvl2,emlp,emlp_zc,,0.027986156314136423,0.03709197229840044,,,,6.6538177,10000.0,10000.0,0.0001044704212286168,0.010831691735167553,52,NVIDIA GH200 144G HBM3e,8107976,out/TSC_mlp_lvl2_agent_d7o4nwup_20260930_2030.out,2026-10-01_13-35_j8107976,results/tahoe/sc/finetune/no_pretrain/lvl2/emlp_zc/2026-10-01_13-35_j8107976,finetune,0.128,0.09017901957503764,0.232,0.1440522001003848,8000.0,0.03864394682844143
tahoe_sc,no_pretrain,lvl2,emlp,emlp_zc,,0.004296806917574581,0.0048872621728042,,,,6.324462,10000.0,10000.0,0.0010285830999688197,0.29880405339543326,50,NVIDIA GH200 144G HBM3e,8107976,out/TSC_mlp_lvl2_agent_d7o4nwup_20260930_2030.out,2026-10-01_14-29_j8107976,results/tahoe/sc/finetune/no_pretrain/lvl2/emlp_zc/2026-10-01_14-29_j8107976,finetune,0.0,0.005353856449723942,0.016,0.014555797222686967,1000.0,0.015037915960388974
tahoe_sc,no_pretrain,lvl2,emlp,emlp_zc,,0.024962740850611263,0.026801688844308332,,,,6.8602057,10000.0,10000.0,0.00011941049612875108,0.1424173679065412,47,NVIDIA GH200 144G HBM3e,8107976,out/TSC_mlp_lvl2_agent_d7o4nwup_20260930_2030.out,2026-10-01_15-21_j8107976,results/tahoe/sc/finetune/no_pretrain/lvl2/emlp_zc/2026-10-01_15-21_j8107976,finetune,0.088,0.06290781328425632,0.104,0.06842897774803414,9000.0,0.025343920064234096
tahoe_sc,no_pretrain,lvl2,etf,etf,1,0.0,0.0,,,,6.521148,300.0,300.0,0.0005,0.1,17,NVIDIA GH200 144G HBM3e MIG 1g.18gb,8103529,out/smk_S_l2_etf_20260927_1129.out,2026-09-27_11-57_j8103529,results/tahoe/sc/finetune/no_pretrain/lvl2/etf/2026-09-27_11-57_j8103529,finetune,,,,,100.0,
tahoe_sc,no_pretrain,lvl2,rlog,rlog,1,0.03942456096125867,0.03942456096125867,,,1.0,18.303278,40000.0,40000.0,0.001,0.1,146,NVIDIA GH200 144G HBM3e MIG 1g.18gb,8102459,out/TSC_lvl2_rlog_s1_20260926_1552.out,2026-09-26_20-19_j8102459,results/tahoe/sc/finetune/no_pretrain/lvl2/rlog/2026-09-26_20-19_j8102459,finetune,,,,,,
tahoe_sc,no_pretrain,lvl2,rlog,rlog,1,0.0,0.0,,,,12.018822,2000.0,2000.0,0.001,0.1,4,NVIDIA GH200 144G HBM3e MIG 1g.18gb,8103527,out/smk_S_l2_rlog_20260927_1129.out,2026-09-27_11-33_j8103527,results/tahoe/sc/finetune/no_pretrain/lvl2/rlog/2026-09-27_11-33_j8103527,finetune,,,,,500.0,
tahoe_sc,no_pretrain,lvl2,rlog,rlog,1,0.0,0.0,,,,10.949696,500.0,500.0,0.001,0.1,3,NVIDIA GH200 144G HBM3e MIG 1g.18gb,8104110,out/smk_dd_rlog_20260928_1029.out,2026-09-28_10-29_j8104110,results/tahoe/sc/finetune/no_pretrain/lvl2/rlog/2026-09-28_10-29_j8104110,finetune,0.0,0.0,0.0,0.0,250.0,0.0
tahoe_sc,no_pretrain,lvl2,rlog,rlog,1,0.10950286081578033,0.10950286081578033,,,,8.996843,40000.0,40000.0,0.001,0.1,86,NVIDIA GH200 144G HBM3e MIG 1g.18gb,8105640,out/TSC_lvl2_rlog_dd_s1_20260928_1930.out,2026-09-28_19-41_j8105640,results/tahoe/sc/finetune/no_pretrain/lvl2/rlog/2026-09-28_19-41_j8105640,finetune,0.40310077519379844,0.36641814228021125,0.40310077519379844,0.36641814228021125,40000.0,0.12000231463621634
tahoe_sc,no_pretrain,lvl2,rlog,rlog,2,0.018716460094923153,0.018716460094923153,,,1.0,15.094038,40000.0,40000.0,0.001,0.1,141,NVIDIA GH200 144G HBM3e MIG 1g.18gb,8102463,out/TSC_lvl2_rlog_s2_20260926_1552.out,2026-09-27_00-25_j8102463,results/tahoe/sc/finetune/no_pretrain/lvl2/rlog/2026-09-27_00-25_j8102463,finetune,,,,,,
tahoe_sc,no_pretrain,lvl2,rlog,rlog,3,0.024130259471221122,0.024130259471221122,,,1.0,18.425573,40000.0,40000.0,0.001,0.1,145,NVIDIA GH200 144G HBM3e MIG 1g.18gb,8102467,out/TSC_lvl2_rlog_s3_20260926_1552.out,2026-09-27_04-53_j8102467,results/tahoe/sc/finetune/no_pretrain/lvl2/rlog/2026-09-27_04-53_j8102467,finetune,,,,,,
tahoe_sc,no_pretrain,lvl2,rlog,rlog_full,1,0.026851337340395683,0.026851337340395683,,,1.0,11.8513775,40000.0,40000.0,0.001,0.1,170,NVIDIA GH200 144G HBM3e MIG 1g.18gb,8102460,out/TSC_lvl2_rlog_full_s1_20260926_1552.out,2026-09-26_21-35_j8102460,results/tahoe/sc/finetune/no_pretrain/lvl2/rlog_full/2026-09-26_21-35_j8102460,finetune,,,,,,
tahoe_sc,no_pretrain,lvl2,rlog,rlog_full,1,0.03954527450994017,0.03954527450994017,,,,6.7052965,2000.0,2000.0,0.001,0.1,66,NVIDIA RTX 6000 Ada Generation,8104299,out/memtest_rlog_full_20260928_1159.out,2026-09-28_13-33_j8104299,results/tahoe/sc/finetune/no_pretrain/lvl2/rlog_full/2026-09-28_13-33_j8104299,finetune,0.08256880733944955,0.045481278180748874,0.08256880733944955,0.045481278180748874,2000.0,0.039077743765998964
tahoe_sc,no_pretrain,lvl2,rlog,rlog_full,1,0.10276303172713191,0.10276303172713191,,,,8.303945,40000.0,40000.0,0.001,0.1,98,NVIDIA GH200 144G HBM3e MIG 1g.18gb,8105641,out/TSC_lvl2_rlog_full_dd_s1_20260928_1930.out,2026-09-28_21-07_j8105641,results/tahoe/sc/finetune/no_pretrain/lvl2/rlog_full/2026-09-28_21-07_j8105641,finetune,0.3488372093023256,0.28922025473749613,0.3488372093023256,0.28922025473749613,40000.0,0.1146593627034951
tahoe_sc,no_pretrain,lvl2,rlog,rlog_full,2,0.008921627135168232,0.008921627135168232,,,1.0,10.403529,40000.0,40000.0,0.001,0.1,167,NVIDIA GH200 144G HBM3e MIG 1g.18gb,8102464,out/TSC_lvl2_rlog_full_s2_20260926_1552.out,2026-09-27_02-05_j8102464,results/tahoe/sc/finetune/no_pretrain/lvl2/rlog_full/2026-09-27_02-05_j8102464,finetune,,,,,,
tahoe_sc,no_pretrain,lvl2,rlog,rlog_full,3,0.02121819505579321,0.02121819505579321,,,1.0,13.031589,40000.0,40000.0,0.001,0.1,164,NVIDIA GH200 144G HBM3e MIG 1g.18gb,8102468,out/TSC_lvl2_rlog_full_s3_20260926_1552.out,2026-09-27_06-01_j8102468,results/tahoe/sc/finetune/no_pretrain/lvl2/rlog_full/2026-09-27_06-01_j8102468,finetune,,,,,,
