dataset,mode,level,model,model_tag,seed,best_accuracy,final_accuracy,best_r2,final_r2,best_epoch,best_val_loss,total_steps,max_ft_steps,lr,drop_prob,run_time_min,gpu,slurm_job,log,run_id,path,stage,best_well_acc,best_wellcl_acc,final_well_acc,final_wellcl_acc,best_step,best_val_acc
lincs,no_pretrain,lvl1,emlp,emlp,,0.7644707470279811,0.10839905046414935,,,3.0,0.85347146,40000.0,40000.0,0.004633993687704506,0.011816164001430788,4,NVIDIA GH200 144G HBM3e MIG 1g.18gb,8102220,out/archive/L_emlp_lvl1_yjjw0k1n_20260925_1113.out,2026-09-26_13-13,results/lincs/finetune/no_pretrain/lvl1/emlp/2026-09-26_13-13,finetune,,,,,,
lincs,no_pretrain,lvl1,emlp,emlp,,0.09823090918100794,0.09823090918100794,,,1.0,3.738825,10000.0,10000.0,0.0058,0.228,1,NVIDIA GeForce RTX 2080 Ti,8103588,out/DBG_sweeprun_t10_20260927_1404.out,2026-09-27_14-04_j8103588_p150912,results/lincs/finetune/no_pretrain/lvl1/emlp/2026-09-27_14-04_j8103588_p150912,finetune,,,,,,
lincs,no_pretrain,lvl1,emlp,emlp,,0.12972624753113077,0.12972624753113077,,,1.0,6.6709504,10000.0,10000.0,3.0166748329769005e-8,0.17752631984079187,1,NVIDIA GeForce RTX 2080 Ti,8103589,out/L_emlp_lvl1_zhkn9kmk_20260927_1407.out,2026-09-27_14-07_j8103589_p151164,results/lincs/finetune/no_pretrain/lvl1/emlp/2026-09-27_14-07_j8103589_p151164,finetune,,,,,,
lincs,no_pretrain,lvl1,emlp,emlp,,0.7785132274757715,0.7785132274757715,,,1.0,1.3733855,10000.0,10000.0,8.955186624549152e-7,0.10570032565218468,1,NVIDIA GeForce RTX 2080 Ti,8103589,out/L_emlp_lvl1_zhkn9kmk_20260927_1407.out,2026-09-27_14-09_j8103589_p151323,results/lincs/finetune/no_pretrain/lvl1/emlp/2026-09-27_14-09_j8103589_p151323,finetune,,,,,,
lincs,no_pretrain,lvl1,emlp,emlp,,0.0042050418026462035,0.0042050418026462035,,,1.0,14.872573,10000.0,10000.0,9.284697976231886e-9,0.21986399074683305,1,NVIDIA GeForce RTX 2080 Ti,8103589,out/L_emlp_lvl1_zhkn9kmk_20260927_1407.out,2026-09-27_14-11_j8103589_p151481,results/lincs/finetune/no_pretrain/lvl1/emlp/2026-09-27_14-11_j8103589_p151481,finetune,,,,,,
lincs,no_pretrain,lvl1,emlp,emlp,,0.10417035374737185,0.10417035374737185,,,1.0,5.998528,10000.0,10000.0,4.953170720426603e-8,0.28145898530770946,1,NVIDIA GeForce RTX 2080 Ti,8103589,out/L_emlp_lvl1_zhkn9kmk_20260927_1407.out,2026-09-27_14-14_j8103589_p151644,results/lincs/finetune/no_pretrain/lvl1/emlp/2026-09-27_14-14_j8103589_p151644,finetune,,,,,,
lincs,no_pretrain,lvl1,emlp,emlp,,0.0012671758967570208,0.0012671758967570208,,,1.0,15.020654,10000.0,10000.0,5.2578435418011525e-9,0.24938329802889303,1,NVIDIA GeForce RTX 2080 Ti,8103589,out/L_emlp_lvl1_zhkn9kmk_20260927_1407.out,2026-09-27_14-16_j8103589_p151800,results/lincs/finetune/no_pretrain/lvl1/emlp/2026-09-27_14-16_j8103589_p151800,finetune,,,,,,
lincs,no_pretrain,lvl1,emlp,emlp,,0.7451772984376217,0.7451772984376217,,,1.0,1.867078,10000.0,10000.0,5.308982443427526e-7,0.12729671245693075,1,NVIDIA GeForce RTX 2080 Ti,8103589,out/L_emlp_lvl1_zhkn9kmk_20260927_1407.out,2026-09-27_14-18_j8103589_p151962,results/lincs/finetune/no_pretrain/lvl1/emlp/2026-09-27_14-18_j8103589_p151962,finetune,,,,,,
lincs,no_pretrain,lvl1,emlp,emlp,,0.4328502962643088,0.4328502962643088,,,1.0,3.3907382,10000.0,10000.0,1.370308645728942e-7,0.08843054146930121,1,NVIDIA GeForce RTX 2080 Ti,8103589,out/L_emlp_lvl1_zhkn9kmk_20260927_1407.out,2026-09-27_14-20_j8103589_p152116,results/lincs/finetune/no_pretrain/lvl1/emlp/2026-09-27_14-20_j8103589_p152116,finetune,,,,,,
lincs,no_pretrain,lvl1,emlp,emlp,,0.9564133966685309,0.9564133966685309,,,1.0,0.2203533,10000.0,10000.0,7.959985951705317e-6,0.12724325113270804,1,NVIDIA GeForce RTX 2080 Ti,8103589,out/L_emlp_lvl1_zhkn9kmk_20260927_1407.out,2026-09-27_14-22_j8103589_p152281,results/lincs/finetune/no_pretrain/lvl1/emlp/2026-09-27_14-22_j8103589_p152281,finetune,,,,,,
lincs,no_pretrain,lvl1,emlp,emlp,,0.9888361095576211,0.9888361095576211,,,1.0,0.04483795,10000.0,10000.0,4.736742244029688e-5,0.08278949368619892,1,NVIDIA GeForce RTX 2080 Ti,8103589,out/L_emlp_lvl1_zhkn9kmk_20260927_1407.out,2026-09-27_14-24_j8103589_p152435,results/lincs/finetune/no_pretrain/lvl1/emlp/2026-09-27_14-24_j8103589_p152435,finetune,,,,,,
lincs,no_pretrain,lvl1,emlp,emlp,,0.9777642486496435,0.9777642486496435,,,1.0,0.07891297,10000.0,10000.0,0.00035007508397650043,0.1404674225775943,1,NVIDIA GeForce RTX 2080 Ti,8103589,out/L_emlp_lvl1_zhkn9kmk_20260927_1407.out,2026-09-27_14-26_j8103589_p152593,results/lincs/finetune/no_pretrain/lvl1/emlp/2026-09-27_14-26_j8103589_p152593,finetune,,,,,,
lincs,no_pretrain,lvl1,rmlp,rmlp,,0.9064979930482305,0.9064979930482305,,,1.0,0.5311894,10000.0,10000.0,4.72369324884771e-6,0.22824397181984468,2,NVIDIA GeForce RTX 2080 Ti,8103582,out/L_rmlp_lvl1_961jtyia_20260927_1356.out,2026-09-27_13-57_j8103582_p228300,results/lincs/finetune/no_pretrain/lvl1/rmlp/2026-09-27_13-57_j8103582_p228300,finetune,,,,,,
lincs,no_pretrain,lvl1,rmlp,rmlp,,0.9936287245414451,0.9936287245414451,,,1.0,0.023259368,10000.0,10000.0,9.148135367400988e-5,0.2729800687847104,2,NVIDIA GeForce RTX 2080 Ti,8103590,out/L_rmlp_lvl1_bddu4rvg_20260927_1407.out,2026-09-27_14-07_j8103590_p229083,results/lincs/finetune/no_pretrain/lvl1/rmlp/2026-09-27_14-07_j8103590_p229083,finetune,,,,,,
lincs,no_pretrain,lvl1,rmlp,rmlp,,0.15085056527371707,0.15085056527371707,,,1.0,5.068596,10000.0,10000.0,5.997078129940424e-8,0.16534320948525788,2,NVIDIA GeForce RTX 2080 Ti,8103590,out/L_rmlp_lvl1_bddu4rvg_20260927_1407.out,2026-09-27_14-10_j8103590_p229399,results/lincs/finetune/no_pretrain/lvl1/rmlp/2026-09-27_14-10_j8103590_p229399,finetune,,,,,,
lincs,no_pretrain,lvl1,rmlp,rmlp,,0.9930694681400831,0.9930694681400831,,,1.0,0.02500302,10000.0,10000.0,0.00010441110179557932,0.27801932473000235,2,NVIDIA GeForce RTX 2080 Ti,8103590,out/L_rmlp_lvl1_bddu4rvg_20260927_1407.out,2026-09-27_14-13_j8103590_p229619,results/lincs/finetune/no_pretrain/lvl1/rmlp/2026-09-27_14-13_j8103590_p229619,finetune,,,,,,
lincs,no_pretrain,lvl1,rmlp,rmlp,,0.9481024217925937,0.9481024217925937,,,1.0,0.19694982,10000.0,10000.0,0.005075598859194218,0.24779077403768204,2,NVIDIA GeForce RTX 2080 Ti,8103590,out/L_rmlp_lvl1_bddu4rvg_20260927_1407.out,2026-09-27_14-16_j8103590_p229800,results/lincs/finetune/no_pretrain/lvl1/rmlp/2026-09-27_14-16_j8103590_p229800,finetune,,,,,,
lincs,no_pretrain,lvl1,rmlp,rmlp,,0.937200461563511,0.937200461563511,,,1.0,0.23567544,10000.0,10000.0,0.009767831075827913,0.13045039598720767,2,NVIDIA GeForce RTX 2080 Ti,8103590,out/L_rmlp_lvl1_bddu4rvg_20260927_1407.out,2026-09-27_14-19_j8103590_p229984,results/lincs/finetune/no_pretrain/lvl1/rmlp/2026-09-27_14-19_j8103590_p229984,finetune,,,,,,
lincs,no_pretrain,lvl1,rmlp,rmlp,,0.9683135233861205,0.9683135233861205,,,1.0,0.116130896,10000.0,10000.0,0.009418417882496284,0.013264912163788604,2,NVIDIA GeForce RTX 2080 Ti,8103590,out/L_rmlp_lvl1_bddu4rvg_20260927_1407.out,2026-09-27_14-23_j8103590_p230168,results/lincs/finetune/no_pretrain/lvl1/rmlp/2026-09-27_14-23_j8103590_p230168,finetune,,,,,,
lincs,no_pretrain,lvl1,rmlp,rmlp,,0.808486538910795,0.808486538910795,,,1.0,0.8252467,10000.0,10000.0,0.007246622816543156,0.2989040508205768,2,NVIDIA GeForce RTX 2080 Ti,8103590,out/L_rmlp_lvl1_bddu4rvg_20260927_1407.out,2026-09-27_14-26_j8103590_p230368,results/lincs/finetune/no_pretrain/lvl1/rmlp/2026-09-27_14-26_j8103590_p230368,finetune,,,,,,
lincs,no_pretrain,lvl1,rmlp,rmlp,,0.9918730841928656,0.9918730841928656,,,1.0,0.024402529,10000.0,10000.0,0.0005306537279010362,0.22401095396361664,2,NVIDIA GeForce RTX 2080 Ti,8103590,out/L_rmlp_lvl1_bddu4rvg_20260927_1407.out,2026-09-27_14-29_j8103590_p230667,results/lincs/finetune/no_pretrain/lvl1/rmlp/2026-09-27_14-29_j8103590_p230667,finetune,,,,,,
lincs,no_pretrain,lvl1,rmlp,rmlp,,0.8377236140706079,0.8377236140706079,,,1.0,0.7349077,10000.0,10000.0,0.008646192321816928,0.19092922247962307,2,NVIDIA GeForce RTX 2080 Ti,8103590,out/L_rmlp_lvl1_bddu4rvg_20260927_1407.out,2026-09-27_14-32_j8103590_p230890,results/lincs/finetune/no_pretrain/lvl1/rmlp/2026-09-27_14-32_j8103590_p230890,finetune,,,,,,
lincs,no_pretrain,lvl1,rmlp,rmlp,,0.9930553097501752,0.9930553097501752,,,1.0,0.02117829,10000.0,10000.0,0.0002805862410664413,0.2547829817682457,2,NVIDIA GeForce RTX 2080 Ti,8103590,out/L_rmlp_lvl1_bddu4rvg_20260927_1407.out,2026-09-27_14-35_j8103590_p231160,results/lincs/finetune/no_pretrain/lvl1/rmlp/2026-09-27_14-35_j8103590_p231160,finetune,,,,,,
lincs,no_pretrain,lvl2,emlp,emlp,1,0.14747335854245444,0.13695427982124442,,,7.0,3.2466033,10000.0,10000.0,0.001,0.014,1,NVIDIA RTX 6000 Ada Generation,,,2026-09-27_12-09,results/lincs/finetune/no_pretrain/lvl2/emlp/2026-09-27_12-09,finetune,,,,,,
lincs,no_pretrain,lvl2,emlp,emlp,1,0.27713991062220694,0.2586455826744586,,,8.0,2.4274607,10000.0,10000.0,0.001,0.014,1,NVIDIA RTX 6000 Ada Generation,,,2026-09-27_12-13,results/lincs/finetune/no_pretrain/lvl2/emlp/2026-09-27_12-13,finetune,,,,,,
lincs,no_pretrain,lvl2,emlp,emlp,1,0.3839807493984187,0.3839807493984187,,,9.0,2.118899,10000.0,10000.0,0.0001,0.014,1,NVIDIA RTX 6000 Ada Generation,,,2026-09-27_12-17,results/lincs/finetune/no_pretrain/lvl2/emlp/2026-09-27_12-17,finetune,,,,,,
lincs,no_pretrain,lvl2,emlp,emlp,1,0.052045376418013066,0.007631488484015125,,,5.0,4.36472,10000.0,10000.0,0.001,0.014,1,NVIDIA RTX 6000 Ada Generation,,,2026-09-27_12-18,results/lincs/finetune/no_pretrain/lvl2/emlp/2026-09-27_12-18,finetune,,,,,,
lincs,no_pretrain,lvl2,emlp,emlp,1,0.0074252320385012035,0.00880027500859402,,,8.0,4.3667045,10000.0,10000.0,0.001,0.014,1,NVIDIA RTX 6000 Ada Generation,,,2026-09-27_12-22,results/lincs/finetune/no_pretrain/lvl2/emlp/2026-09-27_12-22,finetune,,,,,,
lincs,no_pretrain,lvl2,emlp,emlp,1,0.45623925747679617,0.45623925747679617,,,9.0,1.7407954,10000.0,10000.0,0.0001,0.014,2,NVIDIA RTX 6000 Ada Generation,,,2026-09-27_12-26,results/lincs/finetune/no_pretrain/lvl2/emlp/2026-09-27_12-26,finetune,,,,,,
lincs,no_pretrain,lvl2,emlp,emlp,1,0.052045376418013066,0.007631488484015125,,,5.0,4.3651915,10000.0,10000.0,0.001,0.014,2,NVIDIA RTX 6000 Ada Generation,,,2026-09-27_12-27,results/lincs/finetune/no_pretrain/lvl2/emlp/2026-09-27_12-27,finetune,,,,,,
lincs,no_pretrain,lvl2,emlp,emlp,1,0.052045376418013066,0.007631488484015125,,,5.0,4.365287,10000.0,10000.0,0.001,0.014,2,NVIDIA RTX 6000 Ada Generation,,,2026-09-27_12-31,results/lincs/finetune/no_pretrain/lvl2/emlp/2026-09-27_12-31,finetune,,,,,,
lincs,no_pretrain,lvl2,emlp,emlp,1,0.052045376418013066,0.007631488484015125,,,5.0,4.365194,10000.0,10000.0,0.001,0.014,2,NVIDIA RTX 6000 Ada Generation,,,2026-09-27_12-36,results/lincs/finetune/no_pretrain/lvl2/emlp/2026-09-27_12-36,finetune,,,,,,
lincs,no_pretrain,lvl2,emlp,emlp,1,0.0074252320385012035,0.00880027500859402,,,8.0,4.3671985,10000.0,10000.0,0.001,0.014,2,NVIDIA RTX 6000 Ada Generation,,,2026-09-27_12-40,results/lincs/finetune/no_pretrain/lvl2/emlp/2026-09-27_12-40,finetune,,,,,,
lincs,no_pretrain,lvl2,emlp,emlp,2,0.061189412169130285,0.061189412169130285,,,9.0,3.6335278,10000.0,10000.0,0.001,0.014,1,NVIDIA RTX 6000 Ada Generation,,,2026-09-27_12-11,results/lincs/finetune/no_pretrain/lvl2/emlp/2026-09-27_12-11,finetune,,,,,,
lincs,no_pretrain,lvl2,emlp,emlp,2,0.23093846682708835,0.23093846682708835,,,9.0,2.6402159,10000.0,10000.0,0.001,0.014,1,NVIDIA RTX 6000 Ada Generation,,,2026-09-27_12-15,results/lincs/finetune/no_pretrain/lvl2/emlp/2026-09-27_12-15,finetune,,,,,,
lincs,no_pretrain,lvl2,emlp,emlp,2,0.01347542110690959,0.0075627363355104844,,,1.0,4.3671017,10000.0,10000.0,0.001,0.014,1,NVIDIA RTX 6000 Ada Generation,,,2026-09-27_12-20,results/lincs/finetune/no_pretrain/lvl2/emlp/2026-09-27_12-20,finetune,,,,,,
lincs,no_pretrain,lvl2,emlp,emlp,2,0.01155036094877965,0.013544173255414231,,,6.0,4.36762,10000.0,10000.0,0.001,0.014,1,NVIDIA RTX 6000 Ada Generation,,,2026-09-27_12-24,results/lincs/finetune/no_pretrain/lvl2/emlp/2026-09-27_12-24,finetune,,,,,,
lincs,no_pretrain,lvl2,emlp,emlp,2,0.17889309040907528,0.17889309040907528,,,9.0,2.9583044,10000.0,10000.0,0.001,0.014,2,NVIDIA RTX 6000 Ada Generation,,,2026-09-27_12-29,results/lincs/finetune/no_pretrain/lvl2/emlp/2026-09-27_12-29,finetune,,,,,,
lincs,no_pretrain,lvl2,emlp,emlp,2,0.01347542110690959,0.0075627363355104844,,,1.0,4.367452,10000.0,10000.0,0.001,0.014,2,NVIDIA RTX 6000 Ada Generation,,,2026-09-27_12-33,results/lincs/finetune/no_pretrain/lvl2/emlp/2026-09-27_12-33,finetune,,,,,,
lincs,no_pretrain,lvl2,emlp,emlp,2,0.01347542110690959,0.0075627363355104844,,,1.0,4.3672714,10000.0,10000.0,0.001,0.014,2,NVIDIA RTX 6000 Ada Generation,,,2026-09-27_12-38,results/lincs/finetune/no_pretrain/lvl2/emlp/2026-09-27_12-38,finetune,,,,,,
lincs,no_pretrain,lvl2,emlp,emlp,2,0.39972499140598144,0.39972499140598144,,,9.0,1.9755915,10000.0,10000.0,0.0001,0.014,2,NVIDIA RTX 6000 Ada Generation,8103532,,2026-09-27_12-43_j8103532_p422085,results/lincs/finetune/no_pretrain/lvl2/emlp/2026-09-27_12-43_j8103532_p422085,finetune,,,,,,
lincs,no_pretrain,lvl2,emlp,emlp,2,0.01155036094877965,0.01347542110690959,,,6.0,4.367852,10000.0,10000.0,0.001,0.014,2,NVIDIA RTX 6000 Ada Generation,8103533,,2026-09-27_12-43_j8103533_p422101,results/lincs/finetune/no_pretrain/lvl2/emlp/2026-09-27_12-43_j8103533_p422101,finetune,,,,,,
lincs,no_pretrain,lvl2,emlp,emlp,,0.5123970363011714,0.5123970363011714,,,48.0,1.5706893,40000.0,40000.0,2.6977885031140665e-5,0.02983285235651035,4,NVIDIA GH200 144G HBM3e MIG 1g.18gb,8102222,out/archive/L_emlp_lvl2_k7c69zn5_20260925_1114.out,2026-09-26_13-12,results/lincs/finetune/no_pretrain/lvl2/emlp/2026-09-26_13-12,finetune,,,,,,
lincs,no_pretrain,lvl2,emlp,emlp_delta,,0.5912265996088293,0.5912265996088293,,,9.0,1.7733415,10000.0,10000.0,0.00029764778953226515,0.17511237918009867,2,NVIDIA GH200 144G HBM3e,8110104,out/sweep_delta_L1_8110104.out,2026-10-01_19-23_j8110104_p3048395,results/lincs/finetune/no_pretrain/lvl2/emlp_delta/2026-10-01_19-23_j8110104_p3048395,finetune,,,,,,0.5954875663593182
lincs,no_pretrain,lvl2,emlp,emlp_delta,,0.3611343950824253,0.36281084101704386,,,8.0,2.7437842,10000.0,10000.0,0.003279375757084139,0.16184195553072447,3,NVIDIA GH200 144G HBM3e,8110104,out/sweep_delta_L1_8110104.out,2026-10-01_19-27_j8110104_p3049115,results/lincs/finetune/no_pretrain/lvl2/emlp_delta/2026-10-01_19-27_j8110104_p3049115,finetune,,,,,,0.3644872869516625
lincs,no_pretrain,lvl2,emlp,emlp_delta,,0.5933221570271026,0.5933221570271026,,,9.0,1.7856162,10000.0,10000.0,0.00019710549943882685,0.16612330300262515,1,NVIDIA GH200 144G HBM3e,8110104,out/sweep_delta_L2_8110104.out,2026-10-01_19-30_j8110104_p3049803,results/lincs/finetune/no_pretrain/lvl2/emlp_delta/2026-10-01_19-30_j8110104_p3049803,finetune,,,,,,0.5940905280804694
lincs,no_pretrain,lvl2,emlp,emlp_delta,,0.42958927074601844,0.42958927074601844,,,9.0,2.1470459,10000.0,10000.0,2.4597185669907826e-5,0.0899497652064387,2,NVIDIA GH200 144G HBM3e,8110104,out/sweep_delta_L1_8110104.out,2026-10-01_19-32_j8110104_p3050332,results/lincs/finetune/no_pretrain/lvl2/emlp_delta/2026-10-01_19-32_j8110104_p3050332,finetune,,,,,,0.4255378597373568
lincs,no_pretrain,lvl2,emlp,emlp_delta,,0.537929589270746,0.5400949986029617,,,8.0,1.800187,10000.0,10000.0,0.0003211687447373606,0.1987726882359856,2,NVIDIA GH200 144G HBM3e,8110104,out/sweep_delta_L2_8110104.out,2026-10-01_19-33_j8110104_p3050757,results/lincs/finetune/no_pretrain/lvl2/emlp_delta/2026-10-01_19-33_j8110104_p3050757,finetune,,,,,,0.542190556021235
lincs,no_pretrain,lvl2,emlp,emlp_delta,,0.5864766694607432,0.5864766694607432,,,9.0,1.9041543,10000.0,10000.0,0.0003758432501928436,0.15461627081884038,2,NVIDIA GH200 144G HBM3e,8110104,out/sweep_delta_L1_8110104.out,2026-10-01_19-35_j8110104_p3051496,results/lincs/finetune/no_pretrain/lvl2/emlp_delta/2026-10-01_19-35_j8110104_p3051496,finetune,,,,,,0.5961162335848003
lincs,no_pretrain,lvl2,emlp,emlp_delta,,0.5748113998323554,0.5748113998323554,,,9.0,1.6695361,10000.0,10000.0,0.000317632357043724,0.19970764383536763,1,NVIDIA GH200 144G HBM3e,8110104,out/sweep_delta_L2_8110104.out,2026-10-01_19-36_j8110104_p3051857,results/lincs/finetune/no_pretrain/lvl2/emlp_delta/2026-10-01_19-36_j8110104_p3051857,finetune,,,,,,0.5821458507963119
lincs,no_pretrain,lvl2,emlp,emlp_delta,,0.08025984911986589,0.034297289745739035,,,1.0,3.9785266,10000.0,10000.0,0.008561737231169132,0.17223419733820128,2,NVIDIA GH200 144G HBM3e,8110104,out/sweep_delta_L1_8110104.out,2026-10-01_19-38_j8110104_p3052644,results/lincs/finetune/no_pretrain/lvl2/emlp_delta/2026-10-01_19-38_j8110104_p3052644,finetune,,,,,,0.0822855546241967
lincs,no_pretrain,lvl2,emlp,emlp_delta,,0.5623777591506007,0.5623777591506007,,,9.0,1.7132477,10000.0,10000.0,0.0003280608858424276,0.27834423214056236,2,NVIDIA GH200 144G HBM3e,8110104,out/sweep_delta_L2_8110104.out,2026-10-01_19-39_j8110104_p3052903,results/lincs/finetune/no_pretrain/lvl2/emlp_delta/2026-10-01_19-39_j8110104_p3052903,finetune,,,,,,0.5488264878457669
lincs,no_pretrain,lvl2,emlp,emlp_delta,,0.5757194747136072,0.5757194747136072,,,9.0,1.6925353,10000.0,10000.0,7.152755441896119e-5,0.17196711883286053,1,NVIDIA GH200 144G HBM3e,8110104,out/sweep_delta_L1_8110104.out,2026-10-01_19-42_j8110104_p3053829,results/lincs/finetune/no_pretrain/lvl2/emlp_delta/2026-10-01_19-42_j8110104_p3053829,finetune,,,,,,0.5739731768650461
lincs,no_pretrain,lvl2,emlp,emlp_delta,,0.5298966191673652,0.5298966191673652,,,9.0,1.7887279,10000.0,10000.0,4.689958034208211e-5,0.24938906188905657,1,NVIDIA GH200 144G HBM3e,8110104,out/sweep_delta_L2_8110104.out,2026-10-01_19-42_j8110104_p3053994,results/lincs/finetune/no_pretrain/lvl2/emlp_delta/2026-10-01_19-42_j8110104_p3053994,finetune,,,,,,0.5278709136630344
lincs,no_pretrain,lvl2,emlp,emlp_delta,,0.4179240011176306,0.4179240011176306,,,9.0,2.266444,10000.0,10000.0,2.3866594857273857e-5,0.23921601723766647,2,NVIDIA GH200 144G HBM3e,8110104,out/sweep_delta_L1_8110104.out,2026-10-01_19-45_j8110104_p3054750,results/lincs/finetune/no_pretrain/lvl2/emlp_delta/2026-10-01_19-45_j8110104_p3054750,finetune,,,,,,0.40912265996088293
lincs,no_pretrain,lvl2,emlp,emlp_delta,,0.5815171835708298,0.5815171835708298,,,9.0,1.6758718,10000.0,10000.0,0.000138932740130376,0.1878513474795647,2,NVIDIA GH200 144G HBM3e,8110104,out/sweep_delta_L2_8110104.out,2026-10-01_19-45_j8110104_p3054998,results/lincs/finetune/no_pretrain/lvl2/emlp_delta/2026-10-01_19-45_j8110104_p3054998,finetune,,,,,,0.5722268790164851
lincs,no_pretrain,lvl2,emlp,emlp_delta,,0.5972338642078793,0.5979323833473037,,,7.0,2.0440693,10000.0,10000.0,0.0002587946600053356,0.1326975329715923,2,NVIDIA GH200 144G HBM3e,8110104,out/sweep_delta_L1_8110104.out,2026-10-01_19-48_j8110104_p3055807,results/lincs/finetune/no_pretrain/lvl2/emlp_delta/2026-10-01_19-48_j8110104_p3055807,finetune,,,,,,0.598141939089131
lincs,no_pretrain,lvl2,emlp,emlp_delta,,0.5824951103660241,0.5821458507963119,,,8.0,1.8074951,10000.0,10000.0,0.0003556278808285696,0.13274080057444848,2,NVIDIA GH200 144G HBM3e,8110104,out/sweep_delta_L2_8110104.out,2026-10-01_19-49_j8110104_p3055981,results/lincs/finetune/no_pretrain/lvl2/emlp_delta/2026-10-01_19-49_j8110104_p3055981,finetune,,,,,,0.5884325230511316
lincs,no_pretrain,lvl2,emlp,emlp_delta,,0.598910310142498,0.5967449008102822,,,8.0,1.9105916,10000.0,10000.0,0.00042687622518766287,0.1629717297418007,2,NVIDIA GH200 144G HBM3e,8110104,out/sweep_delta_L1_8110104.out,2026-10-01_19-52_j8110104_p3057038,results/lincs/finetune/no_pretrain/lvl2/emlp_delta/2026-10-01_19-52_j8110104_p3057038,finetune,,,,,,0.598770606314613
lincs,no_pretrain,lvl2,emlp,emlp_delta,,0.5961162335848003,0.5961162335848003,,,9.0,2.0097451,10000.0,10000.0,0.0001009200131889162,0.10546838782004772,2,NVIDIA GH200 144G HBM3e,8110104,out/sweep_delta_L2_8110104.out,2026-10-01_19-53_j8110104_p3057312,results/lincs/finetune/no_pretrain/lvl2/emlp_delta/2026-10-01_19-53_j8110104_p3057312,finetune,,,,,,0.6013551271304833
lincs,no_pretrain,lvl2,emlp,emlp_delta,,0.5479882648784576,0.5479882648784576,,,9.0,1.9053538,10000.0,10000.0,7.913113833036275e-5,0.22617022896952055,2,NVIDIA GH200 144G HBM3e,8110104,out/sweep_delta_L1_8110104.out,2026-10-01_19-55_j8110104_p3058095,results/lincs/finetune/no_pretrain/lvl2/emlp_delta/2026-10-01_19-55_j8110104_p3058095,finetune,,,,,,0.5444258172673931
lincs,no_pretrain,lvl2,emlp,emlp_delta,,0.6040793517742387,0.6040793517742387,,,9.0,2.1036816,10000.0,10000.0,0.0002973003224694994,0.14876576095134475,1,NVIDIA GH200 144G HBM3e,8110104,out/sweep_delta_L2_8110104.out,2026-10-01_19-56_j8110104_p3058364,results/lincs/finetune/no_pretrain/lvl2/emlp_delta/2026-10-01_19-56_j8110104_p3058364,finetune,,,,,,0.6078513551271305
lincs,no_pretrain,lvl2,emlp,emlp_delta,,0.5998882369376921,0.5998882369376921,,,9.0,1.6634908,10000.0,10000.0,0.0001553859023975855,0.07989168589944207,1,NVIDIA GH200 144G HBM3e,8110104,out/sweep_delta_L1_8110104.out,2026-10-01_19-59_j8110104_p3059112,results/lincs/finetune/no_pretrain/lvl2/emlp_delta/2026-10-01_19-59_j8110104_p3059112,finetune,,,,,,0.600516904163174
lincs,no_pretrain,lvl2,emlp,emlp_delta,,0.6063844649343392,0.6063844649343392,,,9.0,1.6193922,10000.0,10000.0,0.0001959587362166972,0.11432552057933117,1,NVIDIA GH200 144G HBM3e,8110104,out/sweep_delta_L1_8110104.out,2026-10-01_20-02_j8110104_p3060137,results/lincs/finetune/no_pretrain/lvl2/emlp_delta/2026-10-01_20-02_j8110104_p3060137,finetune,,,,,,0.6161637328862811
lincs,no_pretrain,lvl2,emlp,emlp_delta,,0.5892008941044985,0.5890611902766136,,,8.0,1.629062,10000.0,10000.0,0.00013374406301396957,0.0190791349201832,1,NVIDIA GH200 144G HBM3e,8110104,out/sweep_delta_L2_8110104.out,2026-10-01_20-03_j8110104_p3060422,results/lincs/finetune/no_pretrain/lvl2/emlp_delta/2026-10-01_20-03_j8110104_p3060422,finetune,,,,,,0.5955574182732607
lincs,no_pretrain,lvl2,emlp,emlp_delta,,0.6039396479463537,0.6039396479463537,,,9.0,1.6786237,10000.0,10000.0,0.00019119422789874507,0.15389460504595556,2,NVIDIA GH200 144G HBM3e,8110104,out/sweep_delta_L1_8110104.out,2026-10-01_20-05_j8110104_p3061045,results/lincs/finetune/no_pretrain/lvl2/emlp_delta/2026-10-01_20-05_j8110104_p3061045,finetune,,,,,,0.5974434199497066
lincs,no_pretrain,lvl2,rmlp,rmlp,1,0.5654176693021656,0.5654176693021656,,,9.0,1.4245328,10000.0,10000.0,0.0001,0.03,2,NVIDIA GeForce RTX 2080 Ti,,,2026-09-27_12-16,results/lincs/finetune/no_pretrain/lvl2/rmlp/2026-09-27_12-16,finetune,,,,,,
lincs,no_pretrain,lvl2,rmlp,rmlp,1,0.572636644895153,0.572636644895153,,,9.0,1.3468174,10000.0,10000.0,0.001,0.03,2,NVIDIA GeForce RTX 2080 Ti,,,2026-09-27_12-17,results/lincs/finetune/no_pretrain/lvl2/rmlp/2026-09-27_12-17,finetune,,,,,,
lincs,no_pretrain,lvl2,rmlp,rmlp,1,0.5172911653489172,0.5172911653489172,,,9.0,1.6119084,10000.0,10000.0,0.0001,0.03,1,NVIDIA GeForce RTX 2080 Ti,,,2026-09-27_12-22,results/lincs/finetune/no_pretrain/lvl2/rmlp/2026-09-27_12-22,finetune,,,,,,
lincs,no_pretrain,lvl2,rmlp,rmlp,1,0.5618425575799244,0.5618425575799244,,,9.0,1.3814738,10000.0,10000.0,0.001,0.03,1,NVIDIA GeForce RTX 2080 Ti,,,2026-09-27_12-23,results/lincs/finetune/no_pretrain/lvl2/rmlp/2026-09-27_12-23,finetune,,,,,,
lincs,no_pretrain,lvl2,rmlp,rmlp,1,0.519216225507047,0.519216225507047,,,9.0,1.6006048,10000.0,10000.0,0.0001,0.03,1,NVIDIA GeForce RTX 2080 Ti,,,2026-09-27_12-27,results/lincs/finetune/no_pretrain/lvl2/rmlp/2026-09-27_12-27,finetune,,,,,,
lincs,no_pretrain,lvl2,rmlp,rmlp,1,0.5444482640082503,0.5444482640082503,,,9.0,1.4341255,10000.0,10000.0,0.001,0.03,1,NVIDIA GeForce RTX 2080 Ti,,,2026-09-27_12-28,results/lincs/finetune/no_pretrain/lvl2/rmlp/2026-09-27_12-28,finetune,,,,,,
lincs,no_pretrain,lvl2,rmlp,rmlp,1,0.5040220006875215,0.5040220006875215,,,9.0,1.642304,10000.0,10000.0,0.0001,0.03,1,NVIDIA GeForce RTX 2080 Ti,,,2026-09-27_12-31,results/lincs/finetune/no_pretrain/lvl2/rmlp/2026-09-27_12-31,finetune,,,,,,
lincs,no_pretrain,lvl2,rmlp,rmlp,1,0.5373667927122723,0.5401168786524579,,,8.0,1.4334656,10000.0,10000.0,0.001,0.03,2,NVIDIA GeForce RTX 2080 Ti,,,2026-09-27_12-32,results/lincs/finetune/no_pretrain/lvl2/rmlp/2026-09-27_12-32,finetune,,,,,,
lincs,no_pretrain,lvl2,rmlp,rmlp,1,0.583155723616363,0.583155723616363,,,9.0,1.3355983,10000.0,10000.0,0.0001,0.03,2,NVIDIA GeForce RTX 2080 Ti,,,2026-09-27_12-35,results/lincs/finetune/no_pretrain/lvl2/rmlp/2026-09-27_12-35,finetune,,,,,,
lincs,no_pretrain,lvl2,rmlp,rmlp,1,0.4341010656583018,0.4341010656583018,,,9.0,1.7203581,10000.0,10000.0,0.001,0.03,2,NVIDIA GeForce RTX 2080 Ti,,,2026-09-27_12-37,results/lincs/finetune/no_pretrain/lvl2/rmlp/2026-09-27_12-37,finetune,,,,,,
lincs,no_pretrain,lvl2,rmlp,rmlp,1,0.5066345823306978,0.5066345823306978,,,9.0,1.5426327,10000.0,10000.0,0.0001,0.03,2,NVIDIA GeForce RTX 2080 Ti,,,2026-09-27_12-39,results/lincs/finetune/no_pretrain/lvl2/rmlp/2026-09-27_12-39,finetune,,,,,,
lincs,no_pretrain,lvl2,rmlp,rmlp,1,0.4477827432107253,0.4477827432107253,,,9.0,1.6646649,10000.0,10000.0,0.001,0.03,2,NVIDIA GeForce RTX 2080 Ti,8103535,,2026-09-27_12-41_j8103535_p225643,results/lincs/finetune/no_pretrain/lvl2/rmlp/2026-09-27_12-41_j8103535_p225643,finetune,,,,,,
lincs,no_pretrain,lvl2,rmlp,rmlp,1,0.4406325197662427,0.4406325197662427,,,9.0,1.8380419,10000.0,10000.0,0.0001,0.03,2,NVIDIA GeForce RTX 2080 Ti,8103534,,2026-09-27_12-44_j8103534_p148586,results/lincs/finetune/no_pretrain/lvl2/rmlp/2026-09-27_12-44_j8103534_p148586,finetune,,,,,,
lincs,no_pretrain,lvl2,rmlp,rmlp,1,0.4209006531454108,0.4209006531454108,,,9.0,1.7860854,10000.0,10000.0,0.001,0.03,2,NVIDIA GeForce RTX 2080 Ti,8103535,,2026-09-27_12-46_j8103535_p226216,results/lincs/finetune/no_pretrain/lvl2/rmlp/2026-09-27_12-46_j8103535_p226216,finetune,,,,,,
lincs,no_pretrain,lvl2,rmlp,rmlp,1,0.522860089377793,0.522860089377793,,,9.0,1.529911,10000.0,10000.0,0.0001,0.03,1,NVIDIA GeForce RTX 2080 Ti,8103534,,2026-09-27_12-48_j8103534_p148843,results/lincs/finetune/no_pretrain/lvl2/rmlp/2026-09-27_12-48_j8103534_p148843,finetune,,,,,,
lincs,no_pretrain,lvl2,rmlp,rmlp,1,0.4435201100034376,0.44125128910278444,,,8.0,1.7054017,10000.0,10000.0,0.001,0.03,2,NVIDIA GeForce RTX 2080 Ti,8103535,,2026-09-27_12-51_j8103535_p226783,results/lincs/finetune/no_pretrain/lvl2/rmlp/2026-09-27_12-51_j8103535_p226783,finetune,,,,,,
lincs,no_pretrain,lvl2,rmlp,rmlp,2,0.5680302509453421,0.5680302509453421,,,9.0,1.4211199,10000.0,10000.0,0.0001,0.03,1,NVIDIA GeForce RTX 2080 Ti,,,2026-09-27_12-19,results/lincs/finetune/no_pretrain/lvl2/rmlp/2026-09-27_12-19,finetune,,,,,,
lincs,no_pretrain,lvl2,rmlp,rmlp,2,0.5602612581643176,0.5602612581643176,,,9.0,1.3489469,10000.0,10000.0,0.001,0.03,1,NVIDIA GeForce RTX 2080 Ti,,,2026-09-27_12-21,results/lincs/finetune/no_pretrain/lvl2/rmlp/2026-09-27_12-21,finetune,,,,,,
lincs,no_pretrain,lvl2,rmlp,rmlp,2,0.5027157098659333,0.5027157098659333,,,9.0,1.6270331,10000.0,10000.0,0.0001,0.03,1,NVIDIA GeForce RTX 2080 Ti,,,2026-09-27_12-24,results/lincs/finetune/no_pretrain/lvl2/rmlp/2026-09-27_12-24,finetune,,,,,,
lincs,no_pretrain,lvl2,rmlp,rmlp,2,0.5484358886215194,0.5484358886215194,,,9.0,1.4218755,10000.0,10000.0,0.001,0.03,1,NVIDIA GeForce RTX 2080 Ti,,,2026-09-27_12-26,results/lincs/finetune/no_pretrain/lvl2/rmlp/2026-09-27_12-26,finetune,,,,,,
lincs,no_pretrain,lvl2,rmlp,rmlp,2,0.521897559298728,0.521897559298728,,,9.0,1.5921904,10000.0,10000.0,0.0001,0.03,1,NVIDIA GeForce RTX 2080 Ti,,,2026-09-27_12-29,results/lincs/finetune/no_pretrain/lvl2/rmlp/2026-09-27_12-29,finetune,,,,,,
lincs,no_pretrain,lvl2,rmlp,rmlp,2,0.5130285321416295,0.5130285321416295,,,9.0,1.5020789,10000.0,10000.0,0.001,0.03,1,NVIDIA GeForce RTX 2080 Ti,,,2026-09-27_12-30,results/lincs/finetune/no_pretrain/lvl2/rmlp/2026-09-27_12-30,finetune,,,,,,
lincs,no_pretrain,lvl2,rmlp,rmlp,2,0.5163286352698522,0.5163286352698522,,,9.0,1.6138679,10000.0,10000.0,0.0001,0.03,1,NVIDIA GeForce RTX 2080 Ti,,,2026-09-27_12-33,results/lincs/finetune/no_pretrain/lvl2/rmlp/2026-09-27_12-33,finetune,,,,,,
lincs,no_pretrain,lvl2,rmlp,rmlp,2,0.5012031625988312,0.5037469920935029,,,8.0,1.5474083,10000.0,10000.0,0.0001,0.03,1,NVIDIA GeForce RTX 2080 Ti,8103534,,2026-09-27_12-42_j8103534_p148456,results/lincs/finetune/no_pretrain/lvl2/rmlp/2026-09-27_12-42_j8103534_p148456,finetune,,,,,,
lincs,no_pretrain,lvl2,rmlp,rmlp,2,0.4442763836369887,0.4442763836369887,,,9.0,1.6889503,10000.0,10000.0,0.001,0.03,2,NVIDIA GeForce RTX 2080 Ti,8103535,,2026-09-27_12-44_j8103535_p225969,results/lincs/finetune/no_pretrain/lvl2/rmlp/2026-09-27_12-44_j8103535_p225969,finetune,,,,,,
lincs,no_pretrain,lvl2,rmlp,rmlp,2,0.45603300103128225,0.45603300103128225,,,9.0,1.7962356,10000.0,10000.0,0.0001,0.03,1,NVIDIA GeForce RTX 2080 Ti,8103534,,2026-09-27_12-46_j8103534_p148711,results/lincs/finetune/no_pretrain/lvl2/rmlp/2026-09-27_12-46_j8103534_p148711,finetune,,,,,,
lincs,no_pretrain,lvl2,rmlp,rmlp,2,0.4268133379168099,0.4268133379168099,,,9.0,1.8147117,10000.0,10000.0,0.001,0.03,2,NVIDIA GeForce RTX 2080 Ti,8103535,,2026-09-27_12-49_j8103535_p226506,results/lincs/finetune/no_pretrain/lvl2/rmlp/2026-09-27_12-49_j8103535_p226506,finetune,,,,,,
lincs,no_pretrain,lvl2,rmlp,rmlp,2,0.510622206943967,0.510622206943967,,,9.0,1.5529603,10000.0,10000.0,0.0001,0.03,1,NVIDIA GeForce RTX 2080 Ti,8103534,,2026-09-27_12-51_j8103534_p148971,results/lincs/finetune/no_pretrain/lvl2/rmlp/2026-09-27_12-51_j8103534_p148971,finetune,,,,,,
lincs,no_pretrain,lvl2,rmlp,rmlp,2,0.43224475764867654,0.43224475764867654,,,9.0,1.7713476,10000.0,10000.0,0.001,0.03,2,NVIDIA GeForce RTX 2080 Ti,8103535,,2026-09-27_12-53_j8103535_p227063,results/lincs/finetune/no_pretrain/lvl2/rmlp/2026-09-27_12-53_j8103535_p227063,finetune,,,,,,
lincs,no_pretrain,lvl2,rmlp,rmlp,,0.0875450142803924,0.0875450142803924,,,48.0,4.0446706,40000.0,40000.0,4.682046283024198e-7,0.19060963395947236,3,NVIDIA GH200 144G HBM3e MIG 1g.18gb,8102223,out/archive/L_rmlp_lvl2_fswg1t08_20260925_1114.out,2026-09-26_13-12,results/lincs/finetune/no_pretrain/lvl2/rmlp/2026-09-26_13-12,finetune,,,,,,
lincs,no_pretrain,lvl2,rmlp,rmlp,,0.5967686490202819,0.5967686490202819,,,9.0,1.2624068,10000.0,10000.0,0.0005210322542494352,0.013443902516775647,2,NVIDIA RTX 6000 Ada Generation,8104252,out/L_rmlp_lvl2_1mvtjr6f_20260928_1122.out,2026-09-28_11-23_j8104252_p489204,results/lincs/finetune/no_pretrain/lvl2/rmlp/2026-09-28_11-23_j8104252_p489204,finetune,,,,,,0.5995874871089721
lincs,no_pretrain,lvl2,rmlp,rmlp,,0.5850120316259884,0.572636644895153,,,8.0,1.2646345,10000.0,10000.0,0.0001619152182303087,0.1109324177655446,2,NVIDIA RTX 6000 Ada Generation,8104252,out/L_rmlp_lvl2_1mvtjr6f_20260928_1122.out,2026-09-28_11-25_j8104252_p489551,results/lincs/finetune/no_pretrain/lvl2/rmlp/2026-09-28_11-25_j8104252_p489551,finetune,,,,,,0.5864558267445857
lincs,no_pretrain,lvl2,rmlp,rmlp,,0.5563423856995531,0.5563423856995531,,,9.0,1.3489949,10000.0,10000.0,0.00016013965852120404,0.11967179498901982,2,NVIDIA RTX 6000 Ada Generation,8104252,out/L_rmlp_lvl2_1mvtjr6f_20260928_1122.out,2026-09-28_11-28_j8104252_p489913,results/lincs/finetune/no_pretrain/lvl2/rmlp/2026-09-28_11-28_j8104252_p489913,finetune,,,,,,0.5608112753523548
lincs,no_pretrain,lvl2,rmlp,rmlp,,0.13276039876246132,0.13276039876246132,,,9.0,3.6856818,10000.0,10000.0,4.974485500879691e-6,0.20654679590244596,2,NVIDIA RTX 6000 Ada Generation,8104252,out/L_rmlp_lvl2_1mvtjr6f_20260928_1122.out,2026-09-28_11-30_j8104252_p490258,results/lincs/finetune/no_pretrain/lvl2/rmlp/2026-09-28_11-30_j8104252_p490258,finetune,,,,,,0.13881058783086972
lincs,no_pretrain,lvl2,rmlp,rmlp,,0.053282915091096596,0.010931591612237883,,,7.0,4.362465,10000.0,10000.0,0.00807231192491304,0.06045576246323423,2,NVIDIA RTX 6000 Ada Generation,8104252,out/L_rmlp_lvl2_1mvtjr6f_20260928_1122.out,2026-09-28_11-32_j8104252_p490650,results/lincs/finetune/no_pretrain/lvl2/rmlp/2026-09-28_11-32_j8104252_p490650,finetune,,,,,,0.05060158129941561
lincs,no_pretrain,lvl2,rmlp,rmlp,,0.6,0.6,,,9.0,1.2224437,10000.0,10000.0,0.00012383441408415907,0.09333462511808575,2,NVIDIA RTX 6000 Ada Generation,8104252,out/L_rmlp_lvl2_1mvtjr6f_20260928_1122.out,2026-09-28_11-35_j8104252_p491038,results/lincs/finetune/no_pretrain/lvl2/rmlp/2026-09-28_11-35_j8104252_p491038,finetune,,,,,,0.6013750429700928
lincs,no_pretrain,lvl2,rmlp,rmlp,,0.6074939841870058,0.6083190099690615,,,8.0,1.274802,10000.0,10000.0,7.48594455267087e-5,0.053396288440711294,2,NVIDIA RTX 6000 Ada Generation,8104252,out/L_rmlp_lvl2_1mvtjr6f_20260928_1122.out,2026-09-28_11-38_j8104252_p491329,results/lincs/finetune/no_pretrain/lvl2/rmlp/2026-09-28_11-38_j8104252_p491329,finetune,,,,,,0.6057064283258852
lincs,no_pretrain,lvl2,rmlp,rmlp,,0.5977999312478515,0.5977999312478515,,,9.0,1.3293757,10000.0,10000.0,0.0002105048732049588,0.07777816135692471,2,NVIDIA RTX 6000 Ada Generation,8104252,out/L_rmlp_lvl2_1mvtjr6f_20260928_1122.out,2026-09-28_11-40_j8104252_p491652,results/lincs/finetune/no_pretrain/lvl2/rmlp/2026-09-28_11-40_j8104252_p491652,finetune,,,,,,0.598281196287384
lincs,no_pretrain,lvl2,rmlp,rmlp,,0.5666552079752493,0.5666552079752493,,,9.0,1.4075712,10000.0,10000.0,1.793766927212059e-5,0.14042561381261467,2,NVIDIA RTX 6000 Ada Generation,8104252,out/L_rmlp_lvl2_1mvtjr6f_20260928_1122.out,2026-09-28_11-42_j8104252_p491994,results/lincs/finetune/no_pretrain/lvl2/rmlp/2026-09-28_11-42_j8104252_p491994,finetune,,,,,,0.5671364730147818
lincs,no_pretrain,lvl2,rmlp,rmlp,,0.5404606393949811,0.5319353729804056,,,7.0,1.5803899,10000.0,10000.0,0.0007720786497234401,0.013378356678034366,1,NVIDIA RTX 6000 Ada Generation,8104252,out/L_rmlp_lvl2_1mvtjr6f_20260928_1122.out,2026-09-28_11-46_j8104252_p492408,results/lincs/finetune/no_pretrain/lvl2/rmlp/2026-09-28_11-46_j8104252_p492408,finetune,,,,,,0.536266758336198
lincs,no_pretrain,lvl2,rmlp,rmlp,,0.5623925747679615,0.5623925747679615,,,9.0,1.457075,10000.0,10000.0,6.59075949394062e-5,0.029378925996145833,2,NVIDIA RTX 6000 Ada Generation,8104252,out/L_rmlp_lvl2_1mvtjr6f_20260928_1122.out,2026-09-28_11-48_j8104252_p492701,results/lincs/finetune/no_pretrain/lvl2/rmlp/2026-09-28_11-48_j8104252_p492701,finetune,,,,,,0.5598487452732898
lincs,no_pretrain,lvl2,rmlp,rmlp,,0.5642488827775868,0.5606737710553454,,,8.0,1.3665026,10000.0,10000.0,4.168287225391627e-5,0.1276124889026116,2,NVIDIA RTX 6000 Ada Generation,8104252,out/L_rmlp_lvl2_1mvtjr6f_20260928_1122.out,2026-09-28_11-50_j8104252_p493041,results/lincs/finetune/no_pretrain/lvl2/rmlp/2026-09-28_11-50_j8104252_p493041,finetune,,,,,,0.56651770367824
lincs,no_pretrain,lvl2,rmlp,rmlp,,0.5880371261601925,0.5880371261601925,,,9.0,1.4107213,10000.0,10000.0,5.4246469171616165e-5,0.010842245323625896,2,NVIDIA RTX 6000 Ada Generation,8104252,out/L_rmlp_lvl2_1mvtjr6f_20260928_1122.out,2026-09-28_11-53_j8104252_p493278,results/lincs/finetune/no_pretrain/lvl2/rmlp/2026-09-28_11-53_j8104252_p493278,finetune,,,,,,0.5823306978343074
lincs,no_pretrain,lvl2,rmlp,rmlp,,0.20096253007906498,0.19573736679271228,,,7.0,2.9003208,10000.0,10000.0,0.004178829776832745,0.29695097853477015,1,NVIDIA RTX 6000 Ada Generation,8104252,out/L_rmlp_lvl2_1mvtjr6f_20260928_1122.out,2026-09-28_11-56_j8104252_p493556,results/lincs/finetune/no_pretrain/lvl2/rmlp/2026-09-28_11-56_j8104252_p493556,finetune,,,,,,0.19938123066345823
lincs,no_pretrain,lvl2,rmlp,rmlp,,0.6180818150567206,0.6180818150567206,,,9.0,1.185737,10000.0,10000.0,0.00015676324465171285,0.0996321385950862,2,NVIDIA RTX 6000 Ada Generation,8104252,out/L_rmlp_lvl2_1mvtjr6f_20260928_1122.out,2026-09-28_12-01_j8104252_p494641,results/lincs/finetune/no_pretrain/lvl2/rmlp/2026-09-28_12-01_j8104252_p494641,finetune,,,,,,0.6200068752148504
lincs,no_pretrain,lvl2,rmlp,rmlp,,0.5897559298728086,0.5832932279133723,,,8.0,1.3648027,10000.0,10000.0,2.285557528274936e-5,0.1105162771852427,2,NVIDIA RTX 6000 Ada Generation,8104252,out/L_rmlp_lvl2_1mvtjr6f_20260928_1122.out,2026-09-28_12-03_j8104252_p494996,results/lincs/finetune/no_pretrain/lvl2/rmlp/2026-09-28_12-03_j8104252_p494996,finetune,,,,,,0.5837744929529047
lincs,no_pretrain,lvl2,rmlp,rmlp,,0.6158129941560674,0.6022000687521485,,,8.0,1.1911445,10000.0,10000.0,0.0002153929429963114,0.03164478385003982,2,NVIDIA RTX 6000 Ada Generation,8104252,out/L_rmlp_lvl2_1mvtjr6f_20260928_1122.out,2026-09-28_12-06_j8104252_p495364,results/lincs/finetune/no_pretrain/lvl2/rmlp/2026-09-28_12-06_j8104252_p495364,finetune,,,,,,0.6167755242351324
lincs,no_pretrain,lvl2,rmlp,rmlp,,0.6266758336198006,0.6266758336198006,,,9.0,1.1963902,10000.0,10000.0,0.0002249753722024573,0.025363443722786837,2,NVIDIA RTX 6000 Ada Generation,8104252,out/L_rmlp_lvl2_1mvtjr6f_20260928_1122.out,2026-09-28_12-09_j8104252_p495686,results/lincs/finetune/no_pretrain/lvl2/rmlp/2026-09-28_12-09_j8104252_p495686,finetune,,,,,,0.6222069439669989
lincs,no_pretrain,lvl2,rmlp,rmlp,,0.6219319353729804,0.614919216225507,,,8.0,1.1831701,10000.0,10000.0,0.00016222347218036346,0.07957494374449396,2,NVIDIA RTX 6000 Ada Generation,8104252,out/L_rmlp_lvl2_1mvtjr6f_20260928_1122.out,2026-09-28_12-11_j8104252_p495992,results/lincs/finetune/no_pretrain/lvl2/rmlp/2026-09-28_12-11_j8104252_p495992,finetune,,,,,,0.6169130285321416
lincs,no_pretrain,lvl2,rmlp,rmlp,,0.07700240632519766,0.07700240632519766,,,9.0,3.684562,10000.0,10000.0,0.008423501047198733,0.01797415485667203,1,NVIDIA RTX 6000 Ada Generation,8104252,out/L_rmlp_lvl2_1mvtjr6f_20260928_1122.out,2026-09-28_12-14_j8104252_p496282,results/lincs/finetune/no_pretrain/lvl2/rmlp/2026-09-28_12-14_j8104252_p496282,finetune,,,,,,0.07720866277071159
lincs,no_pretrain,lvl2,rmlp,rmlp,,0.5704365761430045,0.5704365761430045,,,9.0,1.447004,10000.0,10000.0,0.0002812973401188611,0.011039260472513648,1,NVIDIA RTX 6000 Ada Generation,8104252,out/L_rmlp_lvl2_1mvtjr6f_20260928_1122.out,2026-09-28_12-16_j8104252_p496673,results/lincs/finetune/no_pretrain/lvl2/rmlp/2026-09-28_12-16_j8104252_p496673,finetune,,,,,,0.5751804743898247
lincs,no_pretrain,lvl2,rmlp,rmlp,,0.5705740804400138,0.5710553454795463,,,8.0,1.3333579,10000.0,10000.0,0.0004361236182355457,0.06636585887654409,2,NVIDIA RTX 6000 Ada Generation,8104252,out/L_rmlp_lvl2_1mvtjr6f_20260928_1122.out,2026-09-28_12-18_j8104252_p496985,results/lincs/finetune/no_pretrain/lvl2/rmlp/2026-09-28_12-18_j8104252_p496985,finetune,,,,,,0.5710553454795463
lincs,no_pretrain,lvl2,rmlp,rmlp,,0.11887246476452389,0.11887246476452389,,,9.0,3.4452808,10000.0,10000.0,1.8506252275363333e-6,0.298444165261381,3,NVIDIA RTX 6000 Ada Generation,8104252,out/L_rmlp_lvl2_1mvtjr6f_20260928_1122.out,2026-09-28_12-21_j8104252_p497284,results/lincs/finetune/no_pretrain/lvl2/rmlp/2026-09-28_12-21_j8104252_p497284,finetune,,,,,,0.1214162942591956
lincs,no_pretrain,lvl2,rmlp,rmlp,,0.513303540735648,0.5084221381918185,,,8.0,1.7126347,10000.0,10000.0,7.952551556783652e-5,0.02590405230096539,1,NVIDIA RTX 6000 Ada Generation,8104252,out/L_rmlp_lvl2_1mvtjr6f_20260928_1122.out,2026-09-28_12-25_j8104252_p497678,results/lincs/finetune/no_pretrain/lvl2/rmlp/2026-09-28_12-25_j8104252_p497678,finetune,,,,,,0.5155036094877965
lincs,no_pretrain,lvl2,rmlp,rmlp,,0.027363355104847026,0.025232038501203164,,,8.0,4.3616486,10000.0,10000.0,2.4662863006429783e-6,0.23193163775975945,2,NVIDIA GeForce RTX 2080 Ti,8104526,out/L_rmlp_lvl2_lpm1bnse_20260928_1412.out,2026-09-28_14-12_j8104526_p172319,results/lincs/finetune/no_pretrain/lvl2/rmlp/2026-09-28_14-12_j8104526_p172319,finetune,,,,,,0.026813337916809902
lincs,no_pretrain,lvl2,rmlp,rmlp,,0.5264352011000344,0.5264352011000344,,,9.0,1.5825229,10000.0,10000.0,0.0015773704873474962,0.05603999702849395,1,NVIDIA GeForce RTX 2080 Ti,8104526,out/L_rmlp_lvl2_lpm1bnse_20260928_1412.out,2026-09-28_14-15_j8104526_p172492,results/lincs/finetune/no_pretrain/lvl2/rmlp/2026-09-28_14-15_j8104526_p172492,finetune,,,,,,0.5330354073564799
lincs,no_pretrain,lvl2,rmlp,rmlp,,0.25458920591268475,0.25458920591268475,,,9.0,2.8505447,10000.0,10000.0,1.5886040681141649e-6,0.2638026880280648,2,NVIDIA GeForce RTX 2080 Ti,8104526,out/L_rmlp_lvl2_lpm1bnse_20260928_1412.out,2026-09-28_14-17_j8104526_p172660,results/lincs/finetune/no_pretrain/lvl2/rmlp/2026-09-28_14-17_j8104526_p172660,finetune,,,,,,0.26297696803025095
lincs,no_pretrain,lvl2,rmlp,rmlp,,0.5015469233413544,0.5015469233413544,,,9.0,1.6840729,10000.0,10000.0,0.001958756710206233,0.07381747222499832,1,NVIDIA GeForce RTX 2080 Ti,8104526,out/L_rmlp_lvl2_lpm1bnse_20260928_1412.out,2026-09-28_14-20_j8104526_p172829,results/lincs/finetune/no_pretrain/lvl2/rmlp/2026-09-28_14-20_j8104526_p172829,finetune,,,,,,0.4988655895496734
lincs,no_pretrain,lvl2,rmlp,rmlp,,0.25355792368511515,0.25355792368511515,,,9.0,2.7261086,10000.0,10000.0,0.005412818547238304,0.044008374093069895,1,NVIDIA GeForce RTX 2080 Ti,8104526,out/L_rmlp_lvl2_lpm1bnse_20260928_1412.out,2026-09-28_14-22_j8104526_p172996,results/lincs/finetune/no_pretrain/lvl2/rmlp/2026-09-28_14-22_j8104526_p172996,finetune,,,,,,0.2543829494671708
lincs,no_pretrain,lvl2,rmlp,rmlp,,0.5711240976280508,0.5711240976280508,,,9.0,1.3848498,10000.0,10000.0,0.0007916290894694692,0.07909494298232057,1,NVIDIA GeForce RTX 2080 Ti,8104526,out/L_rmlp_lvl2_lpm1bnse_20260928_1412.out,2026-09-28_14-25_j8104526_p173156,results/lincs/finetune/no_pretrain/lvl2/rmlp/2026-09-28_14-25_j8104526_p173156,finetune,,,,,,0.5586112066002062
lincs,no_pretrain,lvl2,rmlp,rmlp,,0.5117222413200413,0.5117222413200413,,,9.0,1.7526147,10000.0,10000.0,0.00010270479558166967,0.03850168627843288,1,NVIDIA GeForce RTX 2080 Ti,8104526,out/L_rmlp_lvl2_lpm1bnse_20260928_1412.out,2026-09-28_14-27_j8104526_p173324,results/lincs/finetune/no_pretrain/lvl2/rmlp/2026-09-28_14-27_j8104526_p173324,finetune,,,,,,0.5056033001031283
lincs,no_pretrain,lvl2,rmlp,rmlp,,0.5229975936748024,0.5229975936748024,,,9.0,1.6512642,10000.0,10000.0,0.0001585477923844987,0.09580300372392143,1,NVIDIA GeForce RTX 2080 Ti,8104526,out/L_rmlp_lvl2_lpm1bnse_20260928_1412.out,2026-09-28_14-29_j8104526_p173482,results/lincs/finetune/no_pretrain/lvl2/rmlp/2026-09-28_14-29_j8104526_p173482,finetune,,,,,,0.5158473702303197
lincs,no_pretrain,lvl2,rmlp,rmlp,,0.6109315916122379,0.6126503953248539,,,8.0,1.2535564,10000.0,10000.0,0.0003712962893531595,0.047376394252119,1,NVIDIA GeForce RTX 2080 Ti,8104526,out/L_rmlp_lvl2_lpm1bnse_20260928_1412.out,2026-09-28_14-31_j8104526_p173637,results/lincs/finetune/no_pretrain/lvl2/rmlp/2026-09-28_14-31_j8104526_p173637,finetune,,,,,,0.6143691990374699
lincs,no_pretrain,lvl2,rmlp,rmlp,,0.5914747335854246,0.5914747335854246,,,9.0,1.2598836,10000.0,10000.0,0.0002765149587888178,0.018279417159938915,7,NVIDIA GeForce RTX 2080 Ti,8104526,out/L_rmlp_lvl2_lpm1bnse_20260928_1412.out,2026-09-28_14-33_j8104526_p173806,results/lincs/finetune/no_pretrain/lvl2/rmlp/2026-09-28_14-33_j8104526_p173806,finetune,,,,,,0.5902371949123411
lincs,no_pretrain,lvl2,rmlp,rmlp,,0.4968030250945342,0.4954279821244414,,,8.0,1.5146441,10000.0,10000.0,0.0005936290000144423,0.014286155256482375,3,NVIDIA GeForce RTX 2080 Ti,8104526,out/L_rmlp_lvl2_lpm1bnse_20260928_1412.out,2026-09-28_14-41_j8104526_p174013,results/lincs/finetune/no_pretrain/lvl2/rmlp/2026-09-28_14-41_j8104526_p174013,finetune,,,,,,0.5037469920935029
lincs,no_pretrain,lvl2,rmlp,rmlp,,0.5646613956686146,0.5646613956686146,,,9.0,1.356771,10000.0,10000.0,0.000496209761809768,0.05154445675700078,5,NVIDIA GeForce RTX 2080 Ti,8104526,out/L_rmlp_lvl2_lpm1bnse_20260928_1412.out,2026-09-28_14-45_j8104526_p174197,results/lincs/finetune/no_pretrain/lvl2/rmlp/2026-09-28_14-45_j8104526_p174197,finetune,,,,,,0.5651426607081471
lincs,no_pretrain,lvl2,rmlp,rmlp,,0.6474389824682021,0.6474389824682021,,,9.0,1.1548351,10000.0,10000.0,2.788744173070559e-5,0.029135607059926055,9,NVIDIA GeForce RTX 2080 Ti,8104526,out/L_rmlp_lvl2_lpm1bnse_20260928_1412.out,2026-09-28_14-51_j8104526_p174390,results/lincs/finetune/no_pretrain/lvl2/rmlp/2026-09-28_14-51_j8104526_p174390,finetune,,,,,,0.6560330010312823
lincs,no_pretrain,lvl2,rmlp,rmlp,,0.658576830525954,0.658576830525954,,,9.0,1.1226145,10000.0,10000.0,5.237386638793421e-5,0.05002971404428032,9,NVIDIA GeForce RTX 2080 Ti,8104526,out/L_rmlp_lvl2_lpm1bnse_20260928_1412.out,2026-09-28_15-09_j8104526_p174856,results/lincs/finetune/no_pretrain/lvl2/rmlp/2026-09-28_15-09_j8104526_p174856,finetune,,,,,,0.658576830525954
lincs,no_pretrain,lvl2,rmlp,rmlp,,0.6431075971124097,0.6431075971124097,,,9.0,1.2196369,10000.0,10000.0,2.6376551950841345e-5,0.05702153325470939,9,NVIDIA GeForce RTX 2080 Ti,8104526,out/L_rmlp_lvl2_lpm1bnse_20260928_1412.out,2026-09-28_15-19_j8104526_p175090,results/lincs/finetune/no_pretrain/lvl2/rmlp/2026-09-28_15-19_j8104526_p175090,finetune,,,,,,0.6337573049157786
lincs,no_pretrain,lvl2,rmlp,rmlp,,0.6472327260226882,0.6472327260226882,,,9.0,1.1996896,10000.0,10000.0,2.5896894743561865e-5,0.029225144195612653,7,NVIDIA GeForce RTX 2080 Ti,8104526,out/L_rmlp_lvl2_lpm1bnse_20260928_1412.out,2026-09-28_15-29_j8104526_p175325,results/lincs/finetune/no_pretrain/lvl2/rmlp/2026-09-28_15-29_j8104526_p175325,finetune,,,,,,0.6382261945685803
lincs,no_pretrain,lvl2,rmlp,rmlp,,0.2723272602268821,0.27136473014781715,,,8.0,2.5816355,10000.0,10000.0,0.003201774329855289,0.29921556483411776,1,NVIDIA GeForce RTX 2080 Ti,8104526,out/L_rmlp_lvl2_lpm1bnse_20260928_1412.out,2026-09-28_15-37_j8104526_p175546,results/lincs/finetune/no_pretrain/lvl2/rmlp/2026-09-28_15-37_j8104526_p175546,finetune,,,,,,0.27308353386043316
lincs,no_pretrain,lvl2,rmlp,rmlp,,0.627569611550361,0.6201443795118597,,,8.0,1.3060324,10000.0,10000.0,4.2738424420986714e-5,0.01011944217406728,98,NVIDIA GeForce RTX 2080 Ti,8104526,out/L_rmlp_lvl2_lpm1bnse_20260928_1412.out,2026-09-28_15-39_j8104526_p175706,results/lincs/finetune/no_pretrain/lvl2/rmlp/2026-09-28_15-39_j8104526_p175706,finetune,,,,,,0.6106565830182193
lincs,no_pretrain,lvl2,rmlp,rmlp,,0.0834651082846339,0.0834651082846339,,,9.0,4.216898,10000.0,10000.0,1.0662647970650032e-6,0.05203647956025107,1,NVIDIA GeForce RTX 2080 Ti,8104526,out/L_rmlp_lvl2_lpm1bnse_20260928_1412.out,2026-09-28_17-18_j8104526_p177970,results/lincs/finetune/no_pretrain/lvl2/rmlp/2026-09-28_17-18_j8104526_p177970,finetune,,,,,,0.0826400825025782
tahoe_pb,no_pretrain,lvl1,elog,elog,,1.0,1.0,,,40.0,0.00033317684,40000.0,40000.0,0.001,0.1,1,NVIDIA GH200 144G HBM3e MIG 1g.18gb,8102417,out/TPB_lvl1_elog_20260926_1524.out,2026-09-26_15-25,results/tahoe/pb/finetune/no_pretrain/lvl1/elog/2026-09-26_15-25,finetune,,,,,,
tahoe_pb,no_pretrain,lvl1,emlp,emlp,,1.0,1.0,,,16.0,6.01355e-5,10000.0,10000.0,0.00040529356964492626,0.26510295401304246,1,NVIDIA GeForce RTX 2080 Ti,8103591,out/TPB_emlp_lvl1_6s7czbb1_20260927_1407.out,2026-09-27_14-07_j8103591_p169376,results/tahoe/pb/finetune/no_pretrain/lvl1/emlp/2026-09-27_14-07_j8103591_p169376,finetune,,,,,,
tahoe_pb,no_pretrain,lvl1,emlp,emlp,,0.9998419222257351,0.9993676889029403,,,5.0,0.0008266029,10000.0,10000.0,0.008825102047923868,0.12427216450307944,1,NVIDIA GeForce RTX 2080 Ti,8103591,out/TPB_emlp_lvl1_6s7czbb1_20260927_1407.out,2026-09-27_14-09_j8103591_p169549,results/tahoe/pb/finetune/no_pretrain/lvl1/emlp/2026-09-27_14-09_j8103591_p169549,finetune,,,,,,
tahoe_pb,no_pretrain,lvl1,emlp,emlp,,1.0,1.0,,,13.0,1.9849713e-5,10000.0,10000.0,0.00036637231942446426,0.259833883327503,1,NVIDIA GeForce RTX 2080 Ti,8103591,out/TPB_emlp_lvl1_6s7czbb1_20260927_1407.out,2026-09-27_14-11_j8103591_p169718,results/tahoe/pb/finetune/no_pretrain/lvl1/emlp/2026-09-27_14-11_j8103591_p169718,finetune,,,,,,
tahoe_pb,no_pretrain,lvl1,emlp,emlp,,1.0,1.0,,,20.0,3.5259418e-5,10000.0,10000.0,6.681169995987036e-5,0.23760973029492627,1,NVIDIA GeForce RTX 2080 Ti,8103591,out/TPB_emlp_lvl1_6s7czbb1_20260927_1407.out,2026-09-27_14-13_j8103591_p169883,results/tahoe/pb/finetune/no_pretrain/lvl1/emlp/2026-09-27_14-13_j8103591_p169883,finetune,,,,,,
tahoe_pb,no_pretrain,lvl1,emlp,emlp,,1.0,1.0,,,20.0,0.005543148,10000.0,10000.0,1.9304530294887716e-6,0.28854313797869363,1,NVIDIA GeForce RTX 2080 Ti,8103591,out/TPB_emlp_lvl1_6s7czbb1_20260927_1407.out,2026-09-27_14-15_j8103591_p170053,results/tahoe/pb/finetune/no_pretrain/lvl1/emlp/2026-09-27_14-15_j8103591_p170053,finetune,,,,,,
tahoe_pb,no_pretrain,lvl1,emlp,emlp,,1.0,1.0,,,17.0,0.00013702722,10000.0,10000.0,0.0002729692358167995,0.20147292075246173,1,NVIDIA GeForce RTX 2080 Ti,8103591,out/TPB_emlp_lvl1_6s7czbb1_20260927_1407.out,2026-09-27_14-18_j8103591_p170223,results/tahoe/pb/finetune/no_pretrain/lvl1/emlp/2026-09-27_14-18_j8103591_p170223,finetune,,,,,,
tahoe_pb,no_pretrain,lvl1,emlp,emlp,,0.9988934555801454,0.979449889345558,,,6.0,0.013206782,10000.0,10000.0,0.009158708136302058,0.2421757591325505,1,NVIDIA GeForce RTX 2080 Ti,8103591,out/TPB_emlp_lvl1_6s7czbb1_20260927_1407.out,2026-09-27_14-20_j8103591_p170392,results/tahoe/pb/finetune/no_pretrain/lvl1/emlp/2026-09-27_14-20_j8103591_p170392,finetune,,,,,,
tahoe_pb,no_pretrain,lvl1,emlp,emlp,,1.0,1.0,,,20.0,9.783227e-8,10000.0,10000.0,0.00013053430528350162,0.26936160610072,1,NVIDIA GeForce RTX 2080 Ti,8103591,out/TPB_emlp_lvl1_6s7czbb1_20260927_1407.out,2026-09-27_14-22_j8103591_p170586,results/tahoe/pb/finetune/no_pretrain/lvl1/emlp/2026-09-27_14-22_j8103591_p170586,finetune,,,,,,
tahoe_pb,no_pretrain,lvl1,emlp,emlp,,1.0,1.0,,,20.0,6.8567133e-6,10000.0,10000.0,4.702857132471222e-5,0.18299354809181503,1,NVIDIA GeForce RTX 2080 Ti,8103591,out/TPB_emlp_lvl1_6s7czbb1_20260927_1407.out,2026-09-27_14-24_j8103591_p170754,results/tahoe/pb/finetune/no_pretrain/lvl1/emlp/2026-09-27_14-24_j8103591_p170754,finetune,,,,,,
tahoe_pb,no_pretrain,lvl1,emlp,emlp,,1.0,1.0,,,15.0,3.1046733e-5,10000.0,10000.0,0.00022692411481574376,0.13198836280123813,1,NVIDIA GeForce RTX 2080 Ti,8103591,out/TPB_emlp_lvl1_6s7czbb1_20260927_1407.out,2026-09-27_14-26_j8103591_p170920,results/tahoe/pb/finetune/no_pretrain/lvl1/emlp/2026-09-27_14-26_j8103591_p170920,finetune,,,,,,
tahoe_pb,no_pretrain,lvl1,emlp,emlp_full,,0.9998419222257351,0.9998419222257351,,,19.0,0.00058720005,10000.0,10000.0,2.0800805455207595e-6,0.1634598385984282,6,NVIDIA RTX 6000 Ada Generation,8103593,out/TPB_emlp_full_lvl1_uqtw1lbd_20260927_1407.out,2026-09-27_14-27_j8103593_p442041,results/tahoe/pb/finetune/no_pretrain/lvl1/emlp_full/2026-09-27_14-27_j8103593_p442041,finetune,,,,,,
tahoe_pb,no_pretrain,lvl1,emlp,emlp_full,,1.0,1.0,,,20.0,8.7221815e-7,10000.0,10000.0,4.165586107061556e-5,0.1939798684570088,6,NVIDIA RTX 6000 Ada Generation,8103593,out/TPB_emlp_full_lvl1_uqtw1lbd_20260927_1407.out,2026-09-27_14-38_j8103593_p442670,results/tahoe/pb/finetune/no_pretrain/lvl1/emlp_full/2026-09-27_14-38_j8103593_p442670,finetune,,,,,,
tahoe_pb,no_pretrain,lvl1,emlp,emlp_full,,1.0,1.0,,,20.0,1.00839625e-5,10000.0,10000.0,8.137429356326436e-6,0.1867678388142036,6,NVIDIA RTX 6000 Ada Generation,8103593,out/TPB_emlp_full_lvl1_uqtw1lbd_20260927_1407.out,2026-09-27_14-53_j8103593_p443624,results/tahoe/pb/finetune/no_pretrain/lvl1/emlp_full/2026-09-27_14-53_j8103593_p443624,finetune,,,,,,
tahoe_pb,no_pretrain,lvl1,emlp,emlp_full,,1.0,1.0,,,20.0,1.0775334e-6,10000.0,10000.0,3.377244421129219e-5,0.12587206049703267,6,NVIDIA RTX 6000 Ada Generation,8103593,out/TPB_emlp_full_lvl1_uqtw1lbd_20260927_1407.out,2026-09-27_15-14_j8103593_p444799,results/tahoe/pb/finetune/no_pretrain/lvl1/emlp_full/2026-09-27_15-14_j8103593_p444799,finetune,,,,,,
tahoe_pb,no_pretrain,lvl1,rlog,rlog,,0.9998419222257351,0.9998419222257351,,,80.0,8.906352e-5,40000.0,40000.0,0.001,0.1,5,NVIDIA RTX 6000 Ada Generation,8102364,out/archive/enc_lvl1_rev_20260926_1339.out,2026-09-26_14-13,results/tahoe/pb/finetune/no_pretrain/lvl1/rlog/2026-09-26_14-13,finetune,,,,,,
tahoe_pb,no_pretrain,lvl1,rlog,rlog_full,,0.9998419222257351,0.9998419222257351,,,57.0,0.00015645966,40000.0,40000.0,0.001,0.1,5,NVIDIA GeForce RTX 2080 Ti,8102420,out/TPB_lvl1_rlog_full_20260926_1524.out,2026-09-26_15-25,results/tahoe/pb/finetune/no_pretrain/lvl1/rlog_full/2026-09-26_15-25,finetune,,,,,,
tahoe_pb,no_pretrain,lvl1,rmlp,rmlp,,1.0,1.0,,,20.0,0.0019051859,10000.0,10000.0,0.00014752476012591252,0.2651666238584984,18,NVIDIA GeForce RTX 2080 Ti,8103592,out/TPB_rmlp_lvl1_qtj087py_20260927_1407.out,2026-09-27_14-07_j8103592_p229089,results/tahoe/pb/finetune/no_pretrain/lvl1/rmlp/2026-09-27_14-07_j8103592_p229089,finetune,,,,,,
tahoe_pb,no_pretrain,lvl1,rmlp,rmlp,,0.9996838444514701,0.9998419222257351,,,6.0,0.00026498176,10000.0,10000.0,0.0001857639627661543,0.26865108012037947,17,NVIDIA GeForce RTX 2080 Ti,8103592,out/TPB_rmlp_lvl1_qtj087py_20260927_1407.out,2026-09-27_14-33_j8103592_p230953,results/tahoe/pb/finetune/no_pretrain/lvl1/rmlp/2026-09-27_14-33_j8103592_p230953,finetune,,,,,,
tahoe_pb,no_pretrain,lvl1,rmlp,rmlp,,0.9996838444514701,0.9996838444514701,,,20.0,0.00058332476,10000.0,10000.0,0.00013250138090365344,0.2817143760498667,17,NVIDIA GeForce RTX 2080 Ti,8103592,out/TPB_rmlp_lvl1_qtj087py_20260927_1407.out,2026-09-27_14-51_j8103592_p231563,results/tahoe/pb/finetune/no_pretrain/lvl1/rmlp/2026-09-27_14-51_j8103592_p231563,finetune,,,,,,
tahoe_pb,no_pretrain,lvl1,rmlp,rmlp,,1.0,1.0,,,20.0,0.000111786336,10000.0,10000.0,8.252650002997856e-6,0.08912996475821772,17,NVIDIA GeForce RTX 2080 Ti,8103592,out/TPB_rmlp_lvl1_qtj087py_20260927_1407.out,2026-09-27_15-30_j8103592_p232664,results/tahoe/pb/finetune/no_pretrain/lvl1/rmlp/2026-09-27_15-30_j8103592_p232664,finetune,,,,,,
tahoe_pb,no_pretrain,lvl1,rmlp,rmlp,,1.0,1.0,,,20.0,5.0755352e-5,10000.0,10000.0,2.1208144747470423e-5,0.016064109370615372,17,NVIDIA GeForce RTX 2080 Ti,8103592,out/TPB_rmlp_lvl1_qtj087py_20260927_1407.out,2026-09-27_15-47_j8103592_p233034,results/tahoe/pb/finetune/no_pretrain/lvl1/rmlp/2026-09-27_15-47_j8103592_p233034,finetune,,,,,,
tahoe_pb,no_pretrain,lvl1,rmlp,rmlp,,0.9995257666772052,0.9995257666772052,,,4.0,1.986093e-5,10000.0,10000.0,0.0005289153706406428,0.012915389175715736,17,NVIDIA GeForce RTX 2080 Ti,8103592,out/TPB_rmlp_lvl1_qtj087py_20260927_1407.out,2026-09-27_16-05_j8103592_p233420,results/tahoe/pb/finetune/no_pretrain/lvl1/rmlp/2026-09-27_16-05_j8103592_p233420,finetune,,,,,,
tahoe_pb,no_pretrain,lvl1,rmlp,rmlp_full,,1.0,1.0,,,20.0,0.00053365604,10000.0,10000.0,8.448494110975575e-7,0.11560836002953122,7,NVIDIA RTX 6000 Ada Generation,8103594,out/TPB_rmlp_full_lvl1_hb22mu2m_20260927_1407.out,2026-09-27_15-21_j8103594_p445177,results/tahoe/pb/finetune/no_pretrain/lvl1/rmlp_full/2026-09-27_15-21_j8103594_p445177,finetune,,,,,,
tahoe_pb,no_pretrain,lvl1,rmlp,rmlp_full,,0.9996838444514701,0.9996838444514701,,,12.0,9.146006e-5,10000.0,10000.0,4.075672478123256e-5,0.10711581649499131,7,NVIDIA RTX 6000 Ada Generation,8103594,out/TPB_rmlp_full_lvl1_hb22mu2m_20260927_1407.out,2026-09-27_15-38_j8103594_p446086,results/tahoe/pb/finetune/no_pretrain/lvl1/rmlp_full/2026-09-27_15-38_j8103594_p446086,finetune,,,,,,
tahoe_pb,no_pretrain,lvl1,rmlp,rmlp_full,,0.9996838444514701,0.9996838444514701,,,20.0,0.00028590907,10000.0,10000.0,2.097417679801563e-6,0.017359383440323874,7,NVIDIA RTX 6000 Ada Generation,8103594,out/TPB_rmlp_full_lvl1_hb22mu2m_20260927_1407.out,2026-09-27_15-46_j8103594_p446398,results/tahoe/pb/finetune/no_pretrain/lvl1/rmlp_full/2026-09-27_15-46_j8103594_p446398,finetune,,,,,,
tahoe_pb,no_pretrain,lvl1,rmlp,rmlp_full,,1.0,1.0,,,19.0,0.0003905746,10000.0,10000.0,3.081154082677913e-5,0.04026784569675466,7,NVIDIA RTX 6000 Ada Generation,8103594,out/TPB_rmlp_full_lvl1_hb22mu2m_20260927_1407.out,2026-09-27_16-00_j8103594_p447050,results/tahoe/pb/finetune/no_pretrain/lvl1/rmlp_full/2026-09-27_16-00_j8103594_p447050,finetune,,,,,,
tahoe_pb,no_pretrain,lvl1,rmlp,rmlp_full,,1.0,1.0,,,19.0,0.00039773935,10000.0,10000.0,8.402817260832527e-6,0.17401922043844126,7,NVIDIA RTX 6000 Ada Generation,8103594,out/TPB_rmlp_full_lvl1_hb22mu2m_20260927_1407.out,2026-09-27_16-08_j8103594_p447395,results/tahoe/pb/finetune/no_pretrain/lvl1/rmlp_full/2026-09-27_16-08_j8103594_p447395,finetune,,,,,,
tahoe_pb,no_pretrain,lvl2,emlp,emlp_full_gdd_delta,,0.8146602103857071,0.8154950743028886,,,18.0,8.785498,10000.0,10000.0,0.0015918160731697032,0.19960759629188377,2,NVIDIA GH200 144G HBM3e,8110104,out/sweep_delta_TF_8110104.out,2026-10-01_19-28_j8110104_p3049426,results/tahoe/pb/finetune/no_pretrain/lvl2/emlp_full_gdd_delta/2026-10-01_19-28_j8110104_p3049426,finetune,,,,,,0.7356376262626263
tahoe_pb,no_pretrain,lvl2,emlp,emlp_full_gdd_delta,,0.7493709109209864,0.7445059553766147,,,20.0,2.5883448,10000.0,10000.0,1.3945811431255735e-5,0.099112352953622,2,NVIDIA GH200 144G HBM3e,8110104,out/sweep_delta_TF_8110104.out,2026-10-01_19-32_j8110104_p3050474,results/tahoe/pb/finetune/no_pretrain/lvl2/emlp_full_gdd_delta/2026-10-01_19-32_j8110104_p3050474,finetune,,,,,,0.6989066442388562
tahoe_pb,no_pretrain,lvl2,emlp,emlp_full_gdd_delta,,0.7624464226838114,0.7474447741510056,,,17.0,5.7526884,10000.0,10000.0,0.0009835900581322422,0.177237105306576,2,NVIDIA GH200 144G HBM3e,8110104,out/sweep_delta_TF_8110104.out,2026-10-01_19-35_j8110104_p3051601,results/tahoe/pb/finetune/no_pretrain/lvl2/emlp_full_gdd_delta/2026-10-01_19-35_j8110104_p3051601,finetune,,,,,,0.7916400765794512
tahoe_pb,no_pretrain,lvl2,emlp,emlp_full_gdd_delta,,0.7668609492089925,0.7518734388009992,,,19.0,3.3444936,10000.0,10000.0,0.0013873614578172235,0.15268601404535054,2,NVIDIA GH200 144G HBM3e,8110104,out/sweep_delta_TF_8110104.out,2026-10-01_19-48_j8110104_p3055753,results/tahoe/pb/finetune/no_pretrain/lvl2/emlp_full_gdd_delta/2026-10-01_19-48_j8110104_p3055753,finetune,,,,,,0.8159331834243495
tahoe_pb,no_pretrain,lvl2,emlp,emlp_full_gdd_delta,,0.8282208588957055,0.8282208588957055,,,15.0,2.9034038,10000.0,10000.0,0.0017332741265509103,0.14434439960620044,2,NVIDIA GH200 144G HBM3e,8110104,out/sweep_delta_TF_8110104.out,2026-10-01_19-52_j8110104_p3056975,results/tahoe/pb/finetune/no_pretrain/lvl2/emlp_full_gdd_delta/2026-10-01_19-52_j8110104_p3056975,finetune,,,,,,0.7953367875647669
tahoe_pb,no_pretrain,lvl2,emlp,emlp_full_gdd_delta,,0.734550790803848,0.7047122126202511,,,18.0,10.51687,10000.0,10000.0,0.0035796529867165765,0.14694500050504403,2,NVIDIA GH200 144G HBM3e,8110104,out/sweep_delta_TF_8110104.out,2026-10-01_19-58_j8110104_p3059056,results/tahoe/pb/finetune/no_pretrain/lvl2/emlp_full_gdd_delta/2026-10-01_19-58_j8110104_p3059056,finetune,,,,,,0.7279361846571623
tahoe_pb,no_pretrain,lvl2,emlp,emlp_full_gdd_delta,,0.760967018892091,0.7531219980787704,,,17.0,3.036606,10000.0,10000.0,0.0006731698214694351,0.14935864466041376,2,NVIDIA GH200 144G HBM3e,8110104,out/sweep_delta_TF_8110104.out,2026-10-01_20-09_j8110104_p3061723,results/tahoe/pb/finetune/no_pretrain/lvl2/emlp_full_gdd_delta/2026-10-01_20-09_j8110104_p3061723,finetune,,,,,,0.8171717171717172
tahoe_pb,no_pretrain,lvl2,emlp,emlp_full_gdd_delta,,0.7967335058214747,0.7967335058214747,,,21.0,1.4291928,10000.0,10000.0,0.0006022453415517059,0.1305265817170143,2,NVIDIA GH200 144G HBM3e,8110104,out/sweep_delta_TF_8110104.out,2026-10-01_20-33_j8110104_p3065544,results/tahoe/pb/finetune/no_pretrain/lvl2/emlp_full_gdd_delta/2026-10-01_20-33_j8110104_p3065544,finetune,,,,,,0.8539230638874767
tahoe_pb,no_pretrain,lvl2,emlp,emlp_full_gdd_delta,,0.7776302688350482,0.7751410554264853,,,20.0,6.6116776,10000.0,10000.0,0.00030816140212803453,0.23373726534183148,2,NVIDIA GH200 144G HBM3e,8110104,out/sweep_delta_TF_8110104.out,2026-10-01_20-36_j8110104_p3066160,results/tahoe/pb/finetune/no_pretrain/lvl2/emlp_full_gdd_delta/2026-10-01_20-36_j8110104_p3066160,finetune,,,,,,0.7658138439805368
tahoe_pb,no_pretrain,lvl2,emlp,emlp_full_gdd_delta,,0.48090865152247464,0.4863863380054777,,,18.0,3.6828685,10000.0,10000.0,0.00012289115595301,0.11384389932637876,1,NVIDIA GH200 144G HBM3e,8110104,out/sweep_delta_TF_8110104.out,2026-10-01_20-39_j8110104_p3066703,results/tahoe/pb/finetune/no_pretrain/lvl2/emlp_full_gdd_delta/2026-10-01_20-39_j8110104_p3066703,finetune,,,,,,0.6219103811194386
tahoe_pb,no_pretrain,lvl2,emlp,emlp_full_gdd_delta,,0.6969900790314444,0.710946695813015,,,10.0,4.098614,10000.0,10000.0,0.001400163448737578,0.012859182551507196,1,NVIDIA GH200 144G HBM3e,8110104,out/sweep_delta_TF_8110104.out,2026-10-01_20-42_j8110104_p3067379,results/tahoe/pb/finetune/no_pretrain/lvl2/emlp_full_gdd_delta/2026-10-01_20-42_j8110104_p3067379,finetune,,,,,,0.7174458738625666
tahoe_pb,no_pretrain,lvl2,emlp,emlp_full_gdd_delta,,0.0,0.0,,,16.0,5.979304,10000.0,10000.0,0.00788708470132674,0.016806210030749676,3,NVIDIA RTX 6000 Ada Generation,8110115,out/TPB_emlp_delta_agent_7z3ssavx_20261001_2045.out,2026-10-01_20-46_j8110115_p953001,results/tahoe/pb/finetune/no_pretrain/lvl2/emlp_full_gdd_delta/2026-10-01_20-46_j8110115_p953001,finetune,,,,,,0.014740473576917046
tahoe_pb,no_pretrain,lvl2,emlp,emlp_gdd_delta,,0.5666187968725068,0.5686931546194351,,,20.0,3.671264,10000.0,10000.0,4.2885356076953696e-5,0.21869459946997605,4,NVIDIA GH200 144G HBM3e,8110104,out/sweep_delta_T_8110104.out,2026-10-01_19-26_j8110104_p3049013,results/tahoe/pb/finetune/no_pretrain/lvl2/emlp_gdd_delta/2026-10-01_19-26_j8110104_p3049013,finetune,,,,,,0.6142189263259713
tahoe_pb,no_pretrain,lvl2,emlp,emlp_gdd_delta,,0.5928984310487201,0.5953757225433526,,,19.0,4.740384,10000.0,10000.0,9.08500471922016e-5,0.14215932605610818,2,NVIDIA GH200 144G HBM3e,8110104,out/sweep_delta_T_8110104.out,2026-10-01_19-32_j8110104_p3050358,results/tahoe/pb/finetune/no_pretrain/lvl2/emlp_gdd_delta/2026-10-01_19-32_j8110104_p3050358,finetune,,,,,,0.5554104782111964
tahoe_pb,no_pretrain,lvl2,emlp,emlp_gdd_delta,,0.1106777181862506,0.1106777181862506,,,21.0,5.5903664,10000.0,10000.0,2.5004584871071843e-6,0.27935598389392174,1,NVIDIA GH200 144G HBM3e,8110104,out/sweep_delta_T_8110104.out,2026-10-01_19-36_j8110104_p3051660,results/tahoe/pb/finetune/no_pretrain/lvl2/emlp_gdd_delta/2026-10-01_19-36_j8110104_p3051660,finetune,,,,,,0.09071345803674888
tahoe_pb,no_pretrain,lvl2,emlp,emlp_gdd_delta,,0.5349112426035503,0.5382924767540153,,,18.0,2.995095,10000.0,10000.0,7.44992504188049e-5,0.18696155904719133,4,NVIDIA GH200 144G HBM3e,8110104,out/sweep_delta_T_8110104.out,2026-10-01_19-38_j8110104_p3052699,results/tahoe/pb/finetune/no_pretrain/lvl2/emlp_gdd_delta/2026-10-01_19-38_j8110104_p3052699,finetune,,,,,,0.6532283970446514
tahoe_pb,no_pretrain,lvl2,emlp,emlp_gdd_delta,,0.488252235864787,0.5305441867515537,,,12.0,4.340559,10000.0,10000.0,4.286938397737924e-5,0.17580990456172663,3,NVIDIA GH200 144G HBM3e,8110104,out/sweep_delta_T_8110104.out,2026-10-01_20-09_j8110104_p3061695,results/tahoe/pb/finetune/no_pretrain/lvl2/emlp_gdd_delta/2026-10-01_20-09_j8110104_p3061695,finetune,,,,,,0.627922291735265
tahoe_pb,no_pretrain,lvl2,emlp,emlp_gdd_delta,,0.5294020482325735,0.526428807400066,,,20.0,4.8096952,10000.0,10000.0,0.00011948360349580512,0.01176706174381122,1,NVIDIA GH200 144G HBM3e,8110104,out/sweep_delta_T_8110104.out,2026-10-01_20-13_j8110104_p3062489,results/tahoe/pb/finetune/no_pretrain/lvl2/emlp_gdd_delta/2026-10-01_20-13_j8110104_p3062489,finetune,,,,,,0.5467614533965245
tahoe_pb,no_pretrain,lvl2,emlp,emlp_gdd_delta,,0.4837171052631579,0.4881578947368421,,,20.0,4.52645,10000.0,10000.0,5.182988629852557e-5,0.022424077454578327,2,NVIDIA GH200 144G HBM3e,8110104,out/sweep_delta_T_8110104.out,2026-10-01_20-16_j8110104_p3063091,results/tahoe/pb/finetune/no_pretrain/lvl2/emlp_gdd_delta/2026-10-01_20-16_j8110104_p3063091,finetune,,,,,,0.4141430948419301
tahoe_pb,no_pretrain,lvl2,emlp,emlp_gdd_delta,,0.4884231874260605,0.5110697988845699,,,15.0,4.6299167,10000.0,10000.0,7.993569229833576e-5,0.20726029651760752,2,NVIDIA GH200 144G HBM3e,8110104,out/sweep_delta_T_8110104.out,2026-10-01_20-20_j8110104_p3063549,results/tahoe/pb/finetune/no_pretrain/lvl2/emlp_gdd_delta/2026-10-01_20-20_j8110104_p3063549,finetune,,,,,,0.5810789178805826
tahoe_pb,no_pretrain,lvl2,emlp,emlp_gdd_delta,,0.540133779264214,0.540133779264214,,,19.0,5.4720984,10000.0,10000.0,0.00010526972487120696,0.1646523929358737,4,NVIDIA GH200 144G HBM3e,8110104,out/sweep_delta_T_8110104.out,2026-10-01_20-23_j8110104_p3064072,results/tahoe/pb/finetune/no_pretrain/lvl2/emlp_gdd_delta/2026-10-01_20-23_j8110104_p3064072,finetune,,,,,,0.5813478556841388
tahoe_pb,no_pretrain,lvl2,emlp,emlp_gdd_delta,,0.5185247843004568,0.5550668245643715,,,14.0,7.4417353,10000.0,10000.0,0.0004242899281524389,0.1256007769417512,1,NVIDIA GH200 144G HBM3e,8110104,out/sweep_delta_T_8110104.out,2026-10-01_20-28_j8110104_p3064764,results/tahoe/pb/finetune/no_pretrain/lvl2/emlp_gdd_delta/2026-10-01_20-28_j8110104_p3064764,finetune,,,,,,0.48221723806472283
tahoe_pb,no_pretrain,lvl2,emlp,emlp_gdd_delta,,0.4996819338422392,0.49570610687022904,,,18.0,6.4141636,10000.0,10000.0,7.85628900964732e-5,0.027951999330479947,1,NVIDIA GH200 144G HBM3e,8110104,out/sweep_delta_T_8110104.out,2026-10-01_20-31_j8110104_p3065283,results/tahoe/pb/finetune/no_pretrain/lvl2/emlp_gdd_delta/2026-10-01_20-31_j8110104_p3065283,finetune,,,,,,0.5301302931596091
tahoe_pb,no_pretrain,lvl2,emlp,emlp_gdd_delta,,0.5459856451343682,0.5187781672508763,,,16.0,19.74682,10000.0,10000.0,0.0030139471634818673,0.04222587496938814,1,NVIDIA GH200 144G HBM3e,8110104,out/sweep_delta_T_8110104.out,2026-10-01_20-34_j8110104_p3065797,results/tahoe/pb/finetune/no_pretrain/lvl2/emlp_gdd_delta/2026-10-01_20-34_j8110104_p3065797,finetune,,,,,,0.5324557421697685
tahoe_pb,no_pretrain,lvl2,emlp,emlp_gdd_delta,,0.43695441319107664,0.42580019398642094,,,18.0,6.6536455,10000.0,10000.0,0.0012155220595556526,0.03023415117381551,1,NVIDIA GH200 144G HBM3e,8110104,out/sweep_delta_T_8110104.out,2026-10-01_20-37_j8110104_p3066292,results/tahoe/pb/finetune/no_pretrain/lvl2/emlp_gdd_delta/2026-10-01_20-37_j8110104_p3066292,finetune,,,,,,0.4739655172413793
tahoe_pb,no_pretrain,lvl2,emlp,emlp_gdd_delta,,0.4798072128967924,0.4798072128967924,,,21.0,5.4676647,10000.0,10000.0,0.0007303603292425596,0.01196511862557272,2,NVIDIA RTX 6000 Ada Generation,8110114,out/TPB_emlp_delta_agent_tp71i01y_20261001_2045.out,2026-10-01_20-46_j8110114_p953007,results/tahoe/pb/finetune/no_pretrain/lvl2/emlp_gdd_delta/2026-10-01_20-46_j8110114_p953007,finetune,,,,,,0.47525412431261455
tahoe_pb,no_pretrain,lvl2,emlp,emlp_gdd_delta,,0.399185667752443,0.37019543973941366,,,20.0,5.210762,10000.0,10000.0,0.006912927234323682,0.011991504604195284,2,NVIDIA RTX 6000 Ada Generation,8110114,out/TPB_emlp_delta_agent_tp71i01y_20261001_2045.out,2026-10-01_20-49_j8110114_p953634,results/tahoe/pb/finetune/no_pretrain/lvl2/emlp_gdd_delta/2026-10-01_20-49_j8110114_p953634,finetune,,,,,,0.4818295739348371
tahoe_pb,no_pretrain,lvl2,emlp,emlp_gdd_delta,,0.3780447662936142,0.3780447662936142,,,21.0,5.666589,10000.0,10000.0,7.286488926945435e-5,0.0194861683465144,1,NVIDIA GH200 144G HBM3e,8110104,out/sweep_delta_T_8110104.out,2026-10-01_20-50_j8110104_p3068739,results/tahoe/pb/finetune/no_pretrain/lvl2/emlp_gdd_delta/2026-10-01_20-50_j8110104_p3068739,finetune,,,,,,0.3962562994960403
tahoe_pb,no_pretrain,lvl2,rmlp,rmlp_full_gdd,,0.47676564334843147,0.47676564334843147,,,21.0,3.927908,10000.0,10000.0,1.424192117620063e-5,0.154239663885961,3,NVIDIA RTX 6000 Ada Generation,8104535,,2026-09-28_15-37_j8104535_p526950,results/tahoe/pb/finetune/no_pretrain/lvl2/rmlp_full_gdd/2026-09-28_15-37_j8104535_p526950,finetune,,,,,,0.42128254412021665
tahoe_pb,no_pretrain,lvl2,rmlp,rmlp_full_gdd,,0.3289756743339401,0.3289756743339401,,,21.0,12.230467,10000.0,10000.0,0.00014349001248025554,0.0474028693241988,3,NVIDIA RTX 6000 Ada Generation,8104536,,2026-09-28_15-38_j8104536_p527206,results/tahoe/pb/finetune/no_pretrain/lvl2/rmlp_full_gdd/2026-09-28_15-38_j8104536_p527206,finetune,,,,,,0.2832582206643298
tahoe_pb,no_pretrain,lvl2,rmlp,rmlp_full_gdd,,0.018629617934954216,0.020366277233975372,,,16.0,6.3954105,10000.0,10000.0,0.001083751176627473,0.043238677297426455,2,NVIDIA GH200 144G HBM3e MIG 1g.18gb,8104537,out/TPB_rmlp_full_lvl2_gdd_cf54e0om_20260928_1412.out,2026-09-28_15-41_j8104537_p2836196,results/tahoe/pb/finetune/no_pretrain/lvl2/rmlp_full_gdd/2026-09-28_15-41_j8104537_p2836196,finetune,,,,,,0.029402048232573506
tahoe_pb,no_pretrain,lvl2,rmlp,rmlp_full_gdd,,0.0,0.0,,,2.0,5.9352145,10000.0,10000.0,0.0006134486229459468,0.20828521169125297,4,NVIDIA RTX 6000 Ada Generation,8104536,,2026-09-28_15-42_j8104536_p527578,results/tahoe/pb/finetune/no_pretrain/lvl2/rmlp_full_gdd/2026-09-28_15-42_j8104536_p527578,finetune,,,,,,0.0077544426494345715
tahoe_pb,no_pretrain,lvl2,rmlp,rmlp_full_gdd,,0.468808800115791,0.46475611521204224,,,19.0,3.874601,10000.0,10000.0,1.2081985911336168e-5,0.05001287999303435,4,NVIDIA RTX 6000 Ada Generation,8104535,,2026-09-28_15-44_j8104535_p530600,results/tahoe/pb/finetune/no_pretrain/lvl2/rmlp_full_gdd/2026-09-28_15-44_j8104535_p530600,finetune,,,,,,0.5222919138837091
tahoe_pb,no_pretrain,lvl2,rmlp,rmlp_full_gdd,,0.5239669421487604,0.5239669421487604,,,21.0,2.1974845,10000.0,10000.0,2.591743180183233e-5,0.128422579786062,4,NVIDIA GH200 144G HBM3e MIG 1g.18gb,8104537,out/TPB_rmlp_full_lvl2_gdd_cf54e0om_20260928_1412.out,2026-09-28_15-48_j8104537_p2836654,results/tahoe/pb/finetune/no_pretrain/lvl2/rmlp_full_gdd/2026-09-28_15-48_j8104537_p2836654,finetune,,,,,,0.7132784958871915
tahoe_pb,no_pretrain,lvl2,rmlp,rmlp_full_gdd,,0.5052986512524085,0.5173410404624278,,,18.0,4.5521426,10000.0,10000.0,1.2356652145053312e-5,0.026726556335493944,4,NVIDIA RTX 6000 Ada Generation,8104536,out/TPB_rmlp_full_lvl2_gdd_cf54e0om_20260928_1412.out,2026-09-28_15-51_j8104536_p539822,results/tahoe/pb/finetune/no_pretrain/lvl2/rmlp_full_gdd/2026-09-28_15-51_j8104536_p539822,finetune,,,,,,0.5336961741635985
tahoe_pb,no_pretrain,lvl2,rmlp,rmlp_full_gdd,,0.5648957632817754,0.5675857431069267,,,18.0,3.385202,10000.0,10000.0,3.019161592600357e-5,0.09001029812621623,4,NVIDIA RTX 6000 Ada Generation,8104536,out/TPB_rmlp_full_lvl2_gdd_cf54e0om_20260928_1412.out,2026-09-28_15-57_j8104536_p546135,results/tahoe/pb/finetune/no_pretrain/lvl2/rmlp_full_gdd/2026-09-28_15-57_j8104536_p546135,finetune,,,,,,0.6193191073464733
tahoe_pb,no_pretrain,lvl2,rmlp,rmlp_full_gdd,,0.547824614863721,0.5464702894870492,,,20.0,2.1627066,10000.0,10000.0,6.106568284824957e-5,0.0901496120589202,4,NVIDIA RTX 6000 Ada Generation,8104536,out/TPB_rmlp_full_lvl2_gdd_cf54e0om_20260928_1412.out,2026-09-28_16-02_j8104536_p552413,results/tahoe/pb/finetune/no_pretrain/lvl2/rmlp_full_gdd/2026-09-28_16-02_j8104536_p552413,finetune,,,,,,0.6395273551311104
tahoe_pb,no_pretrain,lvl2,rmlp,rmlp_full_gdd,,0.6034075573549258,0.5914304993252362,,,18.0,3.6448362,10000.0,10000.0,3.61033188985794e-5,0.11667319764395484,4,NVIDIA RTX 6000 Ada Generation,8104535,out/TPB_rmlp_full_lvl2_gdd_cf54e0om_20260928_1412.out,2026-09-28_16-03_j8104535_p554193,results/tahoe/pb/finetune/no_pretrain/lvl2/rmlp_full_gdd/2026-09-28_16-03_j8104535_p554193,finetune,,,,,,0.557388435492273
tahoe_pb,no_pretrain,lvl2,rmlp,rmlp_full_gdd,,0.5686209193870753,0.5569620253164557,,,20.0,3.3700984,10000.0,10000.0,1.947686474755993e-5,0.1257232781082218,4,NVIDIA RTX 6000 Ada Generation,8104536,out/TPB_rmlp_full_lvl2_gdd_cf54e0om_20260928_1412.out,2026-09-28_16-06_j8104536_p558513,results/tahoe/pb/finetune/no_pretrain/lvl2/rmlp_full_gdd/2026-09-28_16-06_j8104536_p558513,finetune,,,,,,0.5888780169602087
tahoe_pb,no_pretrain,lvl2,rmlp,rmlp_full_gdd,,0.6368175765645806,0.6429760319573902,,,20.0,2.6601534,10000.0,10000.0,0.0003502583738340371,0.11209622129563963,3,NVIDIA RTX 6000 Ada Generation,8104536,out/TPB_rmlp_full_lvl2_gdd_cf54e0om_20260928_1412.out,2026-09-28_16-11_j8104536_p565008,results/tahoe/pb/finetune/no_pretrain/lvl2/rmlp_full_gdd/2026-09-28_16-11_j8104536_p565008,finetune,,,,,,0.6286472148541115
tahoe_pb,no_pretrain,lvl2,rmlp,rmlp_full_gdd,,0.49512570548999485,0.49820420728578757,,,20.0,8.018839,10000.0,10000.0,0.00013328652351576084,0.06680797881084188,4,NVIDIA RTX 6000 Ada Generation,8104535,out/TPB_rmlp_full_lvl2_gdd_cf54e0om_20260928_1412.out,2026-09-28_16-13_j8104535_p565708,results/tahoe/pb/finetune/no_pretrain/lvl2/rmlp_full_gdd/2026-09-28_16-13_j8104535_p565708,finetune,,,,,,0.43848731450454764
tahoe_pb,no_pretrain,lvl2,rmlp,rmlp_gdd,,0.108658211993111,0.108658211993111,,,21.0,6.007596,10000.0,10000.0,4.741666784434047e-6,0.19479385147313655,3,NVIDIA GeForce RTX 2080 Ti,8104529,,2026-09-28_14-12_j8104529_p258065,results/tahoe/pb/finetune/no_pretrain/lvl2/rmlp_gdd/2026-09-28_14-12_j8104529_p258065,finetune,,,,,,0.11899966431688486
tahoe_pb,no_pretrain,lvl2,rmlp,rmlp_gdd,,0.15250403877221325,0.15250403877221325,,,21.0,8.904463,10000.0,10000.0,0.0002143492559884513,0.16982051628796146,3,NVIDIA GeForce RTX 2080 Ti,8104529,,2026-09-28_14-17_j8104529_p258536,results/tahoe/pb/finetune/no_pretrain/lvl2/rmlp_gdd/2026-09-28_14-17_j8104529_p258536,finetune,,,,,,0.16071180314194355
tahoe_pb,no_pretrain,lvl2,rmlp,rmlp_gdd,,0.10169773635153129,0.10169773635153129,,,20.0,6.1450033,10000.0,10000.0,1.2681517150925706e-5,0.19854098720159016,3,NVIDIA GeForce RTX 2080 Ti,8104529,,2026-09-28_14-24_j8104529_p259102,results/tahoe/pb/finetune/no_pretrain/lvl2/rmlp_gdd/2026-09-28_14-24_j8104529_p259102,finetune,,,,,,0.0852803738317757
tahoe_pb,no_pretrain,lvl2,rmlp,rmlp_gdd,,0.09847685115367215,0.09847685115367215,,,21.0,5.50896,10000.0,10000.0,5.743235952288915e-6,0.10704667375846616,3,NVIDIA GeForce RTX 2080 Ti,8104529,,2026-09-28_14-28_j8104529_p259426,results/tahoe/pb/finetune/no_pretrain/lvl2/rmlp_gdd/2026-09-28_14-28_j8104529_p259426,finetune,,,,,,0.12236573759347383
tahoe_pb,no_pretrain,lvl2,rmlp,rmlp_gdd,,0.1766481334392375,0.1841143764892772,,,18.0,7.959669,10000.0,10000.0,0.00020988763346970233,0.1922075841468738,3,NVIDIA GeForce RTX 2080 Ti,8104529,,2026-09-28_14-32_j8104529_p259625,results/tahoe/pb/finetune/no_pretrain/lvl2/rmlp_gdd/2026-09-28_14-32_j8104529_p259625,finetune,,,,,,0.16145833333333334
tahoe_pb,no_pretrain,lvl2,rmlp,rmlp_gdd,,0.14921939194741166,0.15957271980279375,,,16.0,9.303681,10000.0,10000.0,0.0003333881425922803,0.1626855329290698,3,NVIDIA GeForce RTX 2080 Ti,8104529,,2026-09-28_14-36_j8104529_p259817,results/tahoe/pb/finetune/no_pretrain/lvl2/rmlp_gdd/2026-09-28_14-36_j8104529_p259817,finetune,,,,,,0.10379106992417861
tahoe_pb,no_pretrain,lvl2,rmlp,rmlp_gdd,,0.007584136514457261,0.007584136514457261,,,21.0,5.7278795,10000.0,10000.0,1.5320952790931444e-5,0.28128172165224924,3,NVIDIA RTX 6000 Ada Generation,8104530,,2026-09-28_14-40_j8104530_p521734,results/tahoe/pb/finetune/no_pretrain/lvl2/rmlp_gdd/2026-09-28_14-40_j8104530_p521734,finetune,,,,,,0.008260196179659268
tahoe_pb,no_pretrain,lvl2,rmlp,rmlp_gdd,,0.14218086842964414,0.1545870062030689,,,18.0,9.921162,10000.0,10000.0,0.00014638300705857268,0.1762126679712869,3,NVIDIA GeForce RTX 2080 Ti,8104529,out/TPB_rmlp_lvl2_gdd_m7m0ysus_20260928_1412.out,2026-09-28_14-42_j8104529_p260187,results/tahoe/pb/finetune/no_pretrain/lvl2/rmlp_gdd/2026-09-28_14-42_j8104529_p260187,finetune,,,,,,0.14353387020369493
tahoe_pb,no_pretrain,lvl2,rmlp,rmlp_gdd,,0.12733586902596328,0.13676203075905408,,,20.0,8.053378,10000.0,10000.0,0.00023801718485320057,0.25138044771109264,3,NVIDIA RTX 6000 Ada Generation,8104530,,2026-09-28_14-44_j8104530_p521951,results/tahoe/pb/finetune/no_pretrain/lvl2/rmlp_gdd/2026-09-28_14-44_j8104530_p521951,finetune,,,,,,0.13642891335567256
tahoe_pb,no_pretrain,lvl2,rmlp,rmlp_gdd,,0.17389112903225806,0.17641129032258066,,,20.0,5.791778,10000.0,10000.0,0.0003442878086742819,0.2088991061798364,3,NVIDIA GeForce RTX 2080 Ti,8104529,,2026-09-28_14-46_j8104529_p260379,results/tahoe/pb/finetune/no_pretrain/lvl2/rmlp_gdd/2026-09-28_14-46_j8104529_p260379,finetune,,,,,,0.1800166527893422
tahoe_pb,no_pretrain,lvl2,rmlp,rmlp_gdd,,0.13342340820807297,0.13342340820807297,,,21.0,8.931365,10000.0,10000.0,0.00022513174998687813,0.21911877765328924,3,NVIDIA RTX 6000 Ada Generation,8104530,,2026-09-28_14-48_j8104530_p522178,results/tahoe/pb/finetune/no_pretrain/lvl2/rmlp_gdd/2026-09-28_14-48_j8104530_p522178,finetune,,,,,,0.13435114503816795
tahoe_pb,no_pretrain,lvl2,rmlp,rmlp_gdd,,0.15943962641761175,0.14726484322881922,,,20.0,7.7994,10000.0,10000.0,0.00014706204741453868,0.1937657023325216,3,NVIDIA RTX 6000 Ada Generation,8104530,,2026-09-28_14-52_j8104530_p522371,results/tahoe/pb/finetune/no_pretrain/lvl2/rmlp_gdd/2026-09-28_14-52_j8104530_p522371,finetune,,,,,,0.15459564793764208
tahoe_pb,no_pretrain,lvl2,rmlp,rmlp_gdd,,0.15672630881378397,0.1517561298873426,,,20.0,6.269252,10000.0,10000.0,0.0002391116272381928,0.2019875396034596,3,NVIDIA GeForce RTX 2080 Ti,8104529,,2026-09-28_15-02_j8104529_p261173,results/tahoe/pb/finetune/no_pretrain/lvl2/rmlp_gdd/2026-09-28_15-02_j8104529_p261173,finetune,,,,,,0.17589359933499585
tahoe_pb,no_pretrain,lvl2,rmlp,rmlp_gdd,,0.16643478260869565,0.16643478260869565,,,21.0,8.24586,10000.0,10000.0,0.0001530281728874607,0.20831825050362843,3,NVIDIA RTX 6000 Ada Generation,8104530,,2026-09-28_15-09_j8104530_p523406,results/tahoe/pb/finetune/no_pretrain/lvl2/rmlp_gdd/2026-09-28_15-09_j8104530_p523406,finetune,,,,,,0.1523987116460417
tahoe_pb,no_pretrain,lvl2,rmlp,rmlp_gdd,,0.17492384159050825,0.17492384159050825,,,21.0,6.0967135,10000.0,10000.0,0.0003079567309083039,0.19858088049707812,3,NVIDIA GeForce RTX 2080 Ti,8104529,,2026-09-28_15-10_j8104529_p261566,results/tahoe/pb/finetune/no_pretrain/lvl2/rmlp_gdd/2026-09-28_15-10_j8104529_p261566,finetune,,,,,,0.1983773464842507
tahoe_pb,no_pretrain,lvl2,rmlp,rmlp_gdd,,0.13640669403220715,0.13640669403220715,,,21.0,13.160562,10000.0,10000.0,0.00016696306094750722,0.18371223478573967,3,NVIDIA RTX 6000 Ada Generation,8104530,out/TPB_rmlp_lvl2_gdd_m7m0ysus_20260928_1412.out,2026-09-28_15-13_j8104530_p523829,results/tahoe/pb/finetune/no_pretrain/lvl2/rmlp_gdd/2026-09-28_15-13_j8104530_p523829,finetune,,,,,,0.15460802417324157
tahoe_sc,no_pretrain,lvl1,rmlp,rmlp,,0.9817660820834618,0.9815738406572481,,,,0.16953959,10000.0,10000.0,1.825312622499474e-6,0.12067896329529496,19,NVIDIA RTX 6000 Ada Generation,8107475,out/TSC_rmlp_lvl1_51pgrt8t_20260930_1054.out,2026-09-30_10-55_j8107475,results/tahoe/sc/finetune/no_pretrain/lvl1/rmlp/2026-09-30_10-55_j8107475,finetune,NaN,0.96,NaN,0.96,9000.0,0.9799294181522035
tahoe_sc,no_pretrain,lvl1,rmlp,rmlp,,0.9818961611902131,0.9818961611902131,,,,0.15378815,10000.0,10000.0,1.434335261876012e-6,0.035380026133377,15,NVIDIA RTX 6000 Ada Generation,8107479,out/TSC_rmlp_lvl1_51pgrt8t_20260930_1115.out,2026-09-30_12-36_j8107479,results/tahoe/sc/finetune/no_pretrain/lvl1/rmlp/2026-09-30_12-36_j8107479,finetune,NaN,0.9577777777777777,NaN,0.9577777777777777,10000.0,0.9814229249011858
tahoe_sc,no_pretrain,lvl1,rmlp,rmlp,,0.9820331005570506,0.9821252385029119,,,,0.1532356,10000.0,10000.0,3.693483321382518e-5,0.010499259444883571,17,NVIDIA RTX 6000 Ada Generation,8107479,out/TSC_rmlp_lvl1_51pgrt8t_20260930_1115.out,2026-09-30_13-01_j8107479,results/tahoe/sc/finetune/no_pretrain/lvl1/rmlp/2026-09-30_13-01_j8107479,finetune,NaN,0.9644444444444444,NaN,0.9644444444444444,6000.0,0.9801665779265232
tahoe_sc,no_pretrain,lvl1,rmlp,rmlp,,0.9801298874918205,0.9803339360976056,,,,0.14304672,10000.0,10000.0,4.853006020656403e-6,0.013534072943716363,19,NVIDIA RTX 6000 Ada Generation,8107479,out/TSC_rmlp_lvl1_51pgrt8t_20260930_1115.out,2026-09-30_13-19_j8107479,results/tahoe/sc/finetune/no_pretrain/lvl1/rmlp/2026-09-30_13-19_j8107479,finetune,NaN,0.96,NaN,0.9711111111111111,5000.0,0.982915488824011
tahoe_sc,no_pretrain,lvl1,rmlp,rmlp,,0.9815825282658915,0.9815825282658915,,,,0.14761284,10000.0,10000.0,1.9505354545169864e-6,0.010313290211027209,17,NVIDIA RTX 6000 Ada Generation,8107479,out/TSC_rmlp_lvl1_51pgrt8t_20260930_1115.out,2026-09-30_13-48_j8107479,results/tahoe/sc/finetune/no_pretrain/lvl1/rmlp/2026-09-30_13-48_j8107479,finetune,NaN,0.96,NaN,0.96,10000.0,0.9823194278490658
tahoe_sc,no_pretrain,lvl1,rmlp,rmlp,,0.9827351290216068,0.9828110352470558,,,,0.14056543,10000.0,10000.0,4.997218693445679e-6,0.010267717475839664,17,NVIDIA RTX 6000 Ada Generation,8107479,out/TSC_rmlp_lvl1_51pgrt8t_20260930_1115.out,2026-09-30_14-16_j8107479,results/tahoe/sc/finetune/no_pretrain/lvl1/rmlp/2026-09-30_14-16_j8107479,finetune,NaN,0.9666666666666667,NaN,0.9666666666666667,9000.0,0.9826494161438477
tahoe_sc,no_pretrain,lvl1,rmlp,rmlp,,0.9810800989367813,0.9810800989367813,,,,0.13281496,10000.0,10000.0,0.00013682426625042022,0.13184213689685287,15,NVIDIA RTX 6000 Ada Generation,8107479,out/TSC_rmlp_lvl1_51pgrt8t_20260930_1115.out,2026-09-30_14-34_j8107479,results/tahoe/sc/finetune/no_pretrain/lvl1/rmlp/2026-09-30_14-34_j8107479,finetune,NaN,0.9711111111111111,NaN,0.9711111111111111,10000.0,0.9831560125167635
tahoe_sc,no_pretrain,lvl1,rmlp,rmlp_full,,0.9815926994774199,0.9815295590196144,,,,0.1480286,10000.0,10000.0,0.00026478649818290046,0.24205652156796809,19,NVIDIA RTX 6000 Ada Generation,8107477,out/TSC_rmlp_lvl1_full_wxof7aja_20260930_1054.out,2026-09-30_11-26_j8107477,results/tahoe/sc/finetune/no_pretrain/lvl1/rmlp_full/2026-09-30_11-26_j8107477,finetune,NaN,0.9622222222222222,NaN,0.9622222222222222,6000.0,0.9818152120651168
tahoe_sc,no_pretrain,lvl1,rmlp,rmlp_full,,0.9823427808455788,0.9823427808455788,,,,0.12966388,10000.0,10000.0,5.565352019335752e-5,0.09582986426532636,16,NVIDIA RTX 6000 Ada Generation,8107477,out/TSC_rmlp_lvl1_full_wxof7aja_20260930_1054.out,2026-09-30_11-56_j8107477,results/tahoe/sc/finetune/no_pretrain/lvl1/rmlp_full/2026-09-30_11-56_j8107477,finetune,NaN,0.96,NaN,0.96,10000.0,0.9829602132426289
tahoe_sc,no_pretrain,lvl1,rmlp,rmlp_full,,0.9812976033815847,0.9813534314311919,,,,0.13355899,10000.0,10000.0,5.027548476554884e-5,0.11274740086606495,18,NVIDIA RTX 6000 Ada Generation,8107477,out/TSC_rmlp_lvl1_full_wxof7aja_20260930_1054.out,2026-09-30_12-13_j8107477,results/tahoe/sc/finetune/no_pretrain/lvl1/rmlp_full/2026-09-30_12-13_j8107477,finetune,NaN,0.9577777777777777,NaN,0.9622222222222222,7000.0,0.9827019394126603
tahoe_sc,no_pretrain,lvl1,rmlp,rmlp_full,,0.9817184347220084,0.9817670559062583,,,,0.119131565,10000.0,10000.0,5.804753575963091e-5,0.09187793350867186,18,NVIDIA RTX 6000 Ada Generation,8107477,out/TSC_rmlp_lvl1_full_wxof7aja_20260930_1054.out,2026-09-30_12-41_j8107477,results/tahoe/sc/finetune/no_pretrain/lvl1/rmlp_full/2026-09-30_12-41_j8107477,finetune,NaN,0.96,NaN,0.96,9000.0,0.9844145490782262
tahoe_sc,no_pretrain,lvl2,emlp,emlp_delta,,0.017297493410732768,0.018812758101864203,,,,6.43745,10000.0,10000.0,0.0014666702722825463,0.17924128596566757,58,NVIDIA GH200 144G HBM3e,8110124,out/sc_sweep_delta_H2_8110124.out,2026-10-01_23-41_j8110124,results/tahoe/sc/finetune/no_pretrain/lvl2/emlp_delta/2026-10-01_23-41_j8110124,finetune,0.064,0.050694328258323575,0.04,0.04534047180859963,8000.0,0.018977607279864396
tahoe_sc,no_pretrain,lvl2,emlp,emlp_delta,,0.03476216391180163,0.03476216391180163,,,,6.5817904,10000.0,10000.0,0.0003251771386543962,0.11692753089771656,53,NVIDIA GH200 144G HBM3e,8110124,out/sc_sweep_delta_H1_8110124.out,2026-10-02_00-18_j8110124,results/tahoe/sc/finetune/no_pretrain/lvl2/emlp_delta/2026-10-02_00-18_j8110124,finetune,0.184,0.12966371089175172,0.184,0.12966371089175172,10000.0,0.03803729146221786
tahoe_sc,no_pretrain,lvl2,emlp,emlp_delta,,0.012435129953510541,0.017311721248208182,,,,6.508205,10000.0,10000.0,0.00020787330296617544,0.14003784273110095,47,NVIDIA GH200 144G HBM3e,8110124,out/sc_sweep_delta_H1_8110124.out,2026-10-02_01-25_j8110124_p3084629,results/tahoe/sc/finetune/no_pretrain/lvl2/emlp_delta/2026-10-02_01-25_j8110124_p3084629,finetune,0.048,0.037644303162121466,0.032,0.03312698678266689,7000.0,0.01356053171558569
tahoe_sc,no_pretrain,lvl2,emlp,emlp_delta,,0.01743621482611804,0.01743621482611804,,,,6.5772524,10000.0,10000.0,0.0005871912049999937,0.18810906367601396,47,NVIDIA GH200 144G HBM3e,8110124,out/sc_sweep_delta_H2_8110124.out,2026-10-02_01-55_j8110124_p3087599,results/tahoe/sc/finetune/no_pretrain/lvl2/emlp_delta/2026-10-02_01-55_j8110124_p3087599,finetune,0.032,0.03045005855780492,0.032,0.03045005855780492,10000.0,0.025351057186189668
tahoe_sc,no_pretrain,lvl2,emlp,emlp_delta,,0.0024329602082955406,0.004929945685230437,,,,5.9618297,10000.0,10000.0,0.00010421352587020582,0.28602266743617505,48,NVIDIA GH200 144G HBM3e,8110124,out/sc_sweep_delta_H1_8110124.out,2026-10-02_02-14_j8110124_p3088784,results/tahoe/sc/finetune/no_pretrain/lvl2/emlp_delta/2026-10-02_02-14_j8110124_p3088784,finetune,0.008,0.008198092688639786,0.0,0.004851932407562322,1000.0,0.016001427424391115
tahoe_sc,no_pretrain,lvl2,emlp,emlp_delta,,0.012460028669092514,0.025268639356332633,,,,6.9682813,10000.0,10000.0,4.7494137060200486e-5,0.1543100154952959,51,NVIDIA GH200 144G HBM3e,8110124,out/sc_sweep_delta_H1_8110124.out,2026-10-02_03-36_j8110124_p3095224,results/tahoe/sc/finetune/no_pretrain/lvl2/emlp_delta/2026-10-02_03-36_j8110124_p3095224,finetune,0.04,0.02727120629078133,0.064,0.05621549272210139,9000.0,0.017657239718083684
tahoe_sc,no_pretrain,lvl2,emlp,emlp_delta,,0.0009995055826477295,0.0030803268134268103,,,,5.931188,10000.0,10000.0,6.86244958826342e-6,0.20324263199935336,49,NVIDIA GH200 144G HBM3e,8110124,out/sc_sweep_delta_H2_8110124.out,2026-10-02_04-00_j8110124_p3099562,results/tahoe/sc/finetune/no_pretrain/lvl2/emlp_delta/2026-10-02_04-00_j8110124_p3099562,finetune,0.0,0.00016730801405387318,0.008,0.004517316379454576,2000.0,0.01466678561869926
tahoe_sc,no_pretrain,lvl2,emlp,emlp_delta,,0.035686973347703446,0.033300253611203,,,,6.812744,10000.0,10000.0,0.0004429799323155715,0.20347013628639968,46,NVIDIA GH200 144G HBM3e,8110124,out/sc_sweep_delta_H1_8110124.out,2026-10-02_04-30_j8110124_p3101240,results/tahoe/sc/finetune/no_pretrain/lvl2/emlp_delta/2026-10-02_04-30_j8110124_p3101240,finetune,0.176,0.11878868997824996,0.208,0.14321566003011543,8000.0,0.041024177000624495
tahoe_sc,no_pretrain,lvl2,emlp,emlp_delta,,0.027136043024980527,0.02947296533031703,,,,8.09704,10000.0,10000.0,0.000518424093164696,0.17801200131233158,47,NVIDIA GH200 144G HBM3e,8110124,out/sc_sweep_delta_H1_8110124.out,2026-10-02_05-19_j8110124_p3103718,results/tahoe/sc/finetune/no_pretrain/lvl2/emlp_delta/2026-10-02_05-19_j8110124_p3103718,finetune,0.152,0.10322904467123975,0.2,0.10456750878367074,8000.0,0.03510750289945579
tahoe_sc,no_pretrain,lvl2,emlp,emlp_delta,,0.0,0.0,,,,6.223033,10000.0,10000.0,0.0035121230350068085,0.03935775327161659,50,NVIDIA GH200 144G HBM3e,8110124,out/sc_sweep_delta_H2_8110124.out,2026-10-02_05-22_j8110124_p3104078,results/tahoe/sc/finetune/no_pretrain/lvl2/emlp_delta/2026-10-02_05-22_j8110124_p3104078,finetune,0.0,0.0,0.0,0.0,4000.0,0.034739941118743865
tahoe_sc,no_pretrain,lvl2,emlp,emlp_delta,,0.02012883306833986,0.02012883306833986,,,,6.476815,10000.0,10000.0,0.00033522387855993194,0.25777939717119086,48,NVIDIA GH200 144G HBM3e,8110124,out/sc_sweep_delta_H2_8110124.out,2026-10-02_06-14_j8110124_p3107870,results/tahoe/sc/finetune/no_pretrain/lvl2/emlp_delta/2026-10-02_06-14_j8110124_p3107870,finetune,0.072,0.046511627906976744,0.072,0.046511627906976744,10000.0,0.02810241770006245
tahoe_sc,no_pretrain,lvl2,emlp,emlp_full_delta,,0.000768303223672276,0.016988037945642548,,,,6.013189,10000.0,10000.0,6.1432477528342626e-6,0.19410518381821124,58,NVIDIA GH200 144G HBM3e,8110124,out/sc_sweep_delta_F2_8110124.out,2026-10-01_23-53_j8110124,results/tahoe/sc/finetune/no_pretrain/lvl2/emlp_full_delta/2026-10-01_23-53_j8110124,finetune,0.0,0.0,0.016,0.022419273883219005,1000.0,0.03327683111785173
tahoe_sc,no_pretrain,lvl2,emlp,emlp_full_delta,,0.04637207929173825,0.03954271730354024,,,,6.6452646,10000.0,10000.0,0.0008574328412499355,0.016832782877560837,55,NVIDIA GH200 144G HBM3e,8110124,out/sc_sweep_delta_F1_8110124.out,2026-10-02_00-30_j8110124,results/tahoe/sc/finetune/no_pretrain/lvl2/emlp_full_delta/2026-10-02_00-30_j8110124,finetune,0.2,0.13501756734147566,0.136,0.10440020076961687,8000.0,0.049749308591310555
tahoe_sc,no_pretrain,lvl2,emlp,emlp_full_delta,,0.04018296998993381,0.039126553057384425,,,,43.396893,10000.0,10000.0,0.001256429587216507,0.25115402582951074,50,NVIDIA GH200 144G HBM3e,8110124,out/sc_sweep_delta_F1_8110124.out,2026-10-02_01-28_j8110124_p3085416,results/tahoe/sc/finetune/no_pretrain/lvl2/emlp_full_delta/2026-10-02_01-28_j8110124_p3085416,finetune,0.216,0.14455412414254643,0.248,0.14003680776309185,9000.0,0.04131323043982514
tahoe_sc,no_pretrain,lvl2,emlp,emlp_full_delta,,0.03663312453981838,0.05214858130675573,,,,6.7290435,10000.0,10000.0,8.424897826482807e-5,0.017793809357535273,49,NVIDIA GH200 144G HBM3e,8110124,out/sc_sweep_delta_F1_8110124.out,2026-10-02_02-54_j8110124_p3092334,results/tahoe/sc/finetune/no_pretrain/lvl2/emlp_full_delta/2026-10-02_02-54_j8110124_p3092334,finetune,0.072,0.07043667391668061,0.104,0.10707712899447884,8000.0,0.034393790703898655
tahoe_sc,no_pretrain,lvl2,emlp,emlp_full_delta,,0.07254774328712843,0.07254774328712843,,,,6.3880954,10000.0,10000.0,0.0003083561925954553,0.12858416643427426,49,NVIDIA GH200 144G HBM3e,8110124,out/sc_sweep_delta_F1_8110124.out,2026-10-02_04-01_j8110124_p3099793,results/tahoe/sc/finetune/no_pretrain/lvl2/emlp_full_delta/2026-10-02_04-01_j8110124_p3099793,finetune,0.248,0.2089677095532876,0.248,0.2089677095532876,10000.0,0.06482647872245517
tahoe_sc,no_pretrain,lvl2,emlp,emlp_full_delta,,0.037230693713785706,0.030045635788702386,,,,6.292071,10000.0,10000.0,0.0010975855061383254,0.14344319928349544,52,NVIDIA GH200 144G HBM3e,8110124,out/sc_sweep_delta_F2_8110124.out,2026-10-02_04-34_j8110124_p3101775,results/tahoe/sc/finetune/no_pretrain/lvl2/emlp_full_delta/2026-10-02_04-34_j8110124_p3101775,finetune,0.104,0.08432323908315208,0.048,0.054375104567508784,5000.0,0.04199839414755999
tahoe_sc,no_pretrain,lvl2,emlp,emlp_full_delta,,0.07479574160824361,0.07968656074041666,,,,9.229041,10000.0,10000.0,0.0003807097460043759,0.1623760869163329,50,NVIDIA GH200 144G HBM3e,8110124,out/sc_sweep_delta_F1_8110124.out,2026-10-02_04-53_j8110124_p3102715,results/tahoe/sc/finetune/no_pretrain/lvl2/emlp_full_delta/2026-10-02_04-53_j8110124_p3102715,finetune,0.296,0.23674083988623054,0.304,0.23657353187217667,9000.0,0.08862878044428585
tahoe_sc,no_pretrain,lvl2,emlp,emlp_full_delta,,0.049822329879525784,0.059525715037757124,,,,8.865613,10000.0,10000.0,0.00159559062188338,0.17746093911339603,53,NVIDIA GH200 144G HBM3e,8110124,out/sc_sweep_delta_F2_8110124.out,2026-10-02_05-42_j8110124_p3105826,results/tahoe/sc/finetune/no_pretrain/lvl2/emlp_full_delta/2026-10-02_05-42_j8110124_p3105826,finetune,0.208,0.15509452902794044,0.216,0.1796888070938598,7000.0,0.058456597377107684
tahoe_sc,no_pretrain,lvl2,emlp,emlp_full_delta,,0.0530235933114936,0.0530235933114936,,,,15.70204,10000.0,10000.0,0.0009574184486671744,0.143566301706637,50,NVIDIA GH200 144G HBM3e,8110124,out/sc_sweep_delta_F1_8110124.out,2026-10-02_05-46_j8110124_p3106186,results/tahoe/sc/finetune/no_pretrain/lvl2/emlp_full_delta/2026-10-02_05-46_j8110124_p3106186,finetune,0.272,0.18136188723439853,0.272,0.18136188723439853,10000.0,0.053796056740119544
tahoe_sc,no_pretrain,lvl2,emlp,emlp_full_delta,,0.059522158078388274,0.06807308840111119,,,,6.223932,10000.0,10000.0,6.497890107025727e-5,0.11238691671845556,49,NVIDIA GH200 144G HBM3e,8110124,out/sc_sweep_delta_F2_8110124.out,2026-10-02_07-10_j8110124_p3111766,results/tahoe/sc/finetune/no_pretrain/lvl2/emlp_full_delta/2026-10-02_07-10_j8110124_p3111766,finetune,0.176,0.13050025096202109,0.264,0.1977580726116781,9000.0,0.06788116691943974
tahoe_sc,no_pretrain,lvl2,emlp,emlp_full_delta,,0.08949309772034474,0.08949309772034474,,,,7.193967,10000.0,10000.0,0.0003184556318134979,0.17934714675720817,47,NVIDIA GH200 144G HBM3e,8110124,out/sc_sweep_delta_F2_8110124.out,2026-10-02_08-02_j8110124_p3114139,results/tahoe/sc/finetune/no_pretrain/lvl2/emlp_full_delta/2026-10-02_08-02_j8110124_p3114139,finetune,0.344,0.26618705035971224,0.344,0.26618705035971224,10000.0,0.08710143634579356
tahoe_sc,no_pretrain,lvl2,emlp,emlp_full_delta,,0.08230803979526143,0.08373793746154037,,,,7.3536315,10000.0,10000.0,0.00031060129874806836,0.14709684952485896,51,NVIDIA GH200 144G HBM3e,8110124,out/sc_sweep_delta_F1_8110124.out,2026-10-02_08-44_j8110124_p3115353,results/tahoe/sc/finetune/no_pretrain/lvl2/emlp_full_delta/2026-10-02_08-44_j8110124_p3115353,finetune,0.304,0.26284089007863476,0.328,0.24410239250460097,5000.0,0.0950057989115889
tahoe_sc,no_pretrain,lvl2,rmlp,rmlp,,0.0016362013096724397,0.011023017084075848,,,,5.9588385,10000.0,10000.0,4.202954398028325e-6,0.26423090172896896,58,NVIDIA GH200 144G HBM3e,8107976,out/TSC_mlp_lvl2_agent_vup3kxji_20260930_2031.out,2026-09-30_20-32_j8107976,results/tahoe/sc/finetune/no_pretrain/lvl2/rmlp/2026-09-30_20-32_j8107976,finetune,0.008,0.00736155261837042,0.008,0.008198092688639786,4000.0,0.011030421982335623
tahoe_sc,no_pretrain,lvl2,rmlp,rmlp,,0.017453999622962308,0.025773727586709778,,,,6.641063,10000.0,10000.0,0.00011232771900215465,0.290904541173372,55,NVIDIA GH200 144G HBM3e,8107976,out/TSC_mlp_lvl2_agent_vup3kxji_20260930_2031.out,2026-09-30_22-05_j8107976,results/tahoe/sc/finetune/no_pretrain/lvl2/rmlp/2026-09-30_22-05_j8107976,finetune,0.04,0.031119290614020412,0.064,0.0505270202442697,9000.0,0.020215897939156034
tahoe_sc,no_pretrain,lvl2,rmlp,rmlp,,0.023205602922397817,0.02160852816578276,,,,6.639678,10000.0,10000.0,4.623844507746262e-5,0.24789883309860897,55,NVIDIA GH200 144G HBM3e,8107976,out/TSC_mlp_lvl2_agent_vup3kxji_20260930_2031.out,2026-10-01_00-24_j8107976,results/tahoe/sc/finetune/no_pretrain/lvl2/rmlp/2026-10-01_00-24_j8107976,finetune,0.024,0.036473147063744354,0.04,0.027605822318889073,8000.0,0.019473637255776607
tahoe_sc,no_pretrain,lvl2,rmlp,rmlp,,0.05802112122473225,0.0703495423971772,,,,6.366256,10000.0,10000.0,5.563110942694676e-5,0.04649563631880088,55,NVIDIA GH200 144G HBM3e,8107976,out/TSC_mlp_lvl2_agent_vup3kxji_20260930_2031.out,2026-10-01_01-20_j8107976,results/tahoe/sc/finetune/no_pretrain/lvl2/rmlp/2026-10-01_01-20_j8107976,finetune,0.176,0.13384641124309854,0.232,0.1865484356700686,8000.0,0.07240967080024979
tahoe_sc,no_pretrain,lvl2,rmlp,rmlp,,0.016518519308953934,0.020733516161044893,,,,6.995219,10000.0,10000.0,0.0007123953203107572,0.04530858127933886,56,NVIDIA GH200 144G HBM3e,8107976,out/TSC_mlp_lvl2_agent_vup3kxji_20260930_2031.out,2026-10-01_02-18_j8107976,results/tahoe/sc/finetune/no_pretrain/lvl2/rmlp/2026-10-01_02-18_j8107976,finetune,0.016,0.01589426133511795,0.032,0.028275054375104566,8000.0,0.016704433937014897
tahoe_sc,no_pretrain,lvl2,rmlp,rmlp,,0.010361422641469166,0.00825214573573926,,,,6.4995146,10000.0,10000.0,6.558549599079279e-5,0.26369682332555267,56,NVIDIA GH200 144G HBM3e,8107976,out/TSC_mlp_lvl2_agent_vup3kxji_20260930_2031.out,2026-10-01_04-23_j8107976,results/tahoe/sc/finetune/no_pretrain/lvl2/rmlp/2026-10-01_04-23_j8107976,finetune,0.016,0.017567341475656684,0.016,0.018738497574033796,7000.0,0.017432420376483182
tahoe_sc,no_pretrain,lvl2,rmlp,rmlp,,0.032350545459719215,0.024294032489266874,,,,6.8128495,10000.0,10000.0,0.00015441186805730683,0.28012417522316374,55,NVIDIA GH200 144G HBM3e,8107976,out/TSC_mlp_lvl2_agent_vup3kxji_20260930_2031.out,2026-10-01_05-20_j8107976,results/tahoe/sc/finetune/no_pretrain/lvl2/rmlp/2026-10-01_05-20_j8107976,finetune,0.04,0.0480174000334616,0.072,0.055546260665885895,8000.0,0.027574270675350166
tahoe_sc,no_pretrain,lvl2,rmlp,rmlp,,0.011332472549166072,0.02063747825808586,,,,6.524299,10000.0,10000.0,0.0003551816802886658,0.2980101969956618,55,NVIDIA GH200 144G HBM3e,8107976,out/TSC_mlp_lvl2_agent_vup3kxji_20260930_2031.out,2026-10-01_06-51_j8107976,results/tahoe/sc/finetune/no_pretrain/lvl2/rmlp/2026-10-01_06-51_j8107976,finetune,0.0,0.008030784674585912,0.056,0.04667893592103062,4000.0,0.02390222142920867
tahoe_sc,no_pretrain,lvl2,rmlp,rmlp,,0.019758909293979134,0.022977957522791217,,,,6.7394648,10000.0,10000.0,0.0001364631619769293,0.297912384160794,56,NVIDIA GH200 144G HBM3e,8107976,out/TSC_mlp_lvl2_agent_vup3kxji_20260930_2031.out,2026-10-01_07-48_j8107976,results/tahoe/sc/finetune/no_pretrain/lvl2/rmlp/2026-10-01_07-48_j8107976,finetune,0.056,0.03730968713401372,0.064,0.05387318052534716,7000.0,0.02124364350075832
tahoe_sc,no_pretrain,lvl2,rmlp,rmlp,,0.05751603299435511,0.05834124756792903,,,,6.485584,10000.0,10000.0,0.00016322064154909114,0.12202701170203056,56,NVIDIA GH200 144G HBM3e,8107976,out/TSC_mlp_lvl2_agent_vup3kxji_20260930_2031.out,2026-10-01_09-20_j8107976,results/tahoe/sc/finetune/no_pretrain/lvl2/rmlp/2026-10-01_09-20_j8107976,finetune,0.208,0.1696503262506274,0.216,0.16914840220846578,9000.0,0.057564457132661256
tahoe_sc,no_pretrain,lvl2,rmlp,rmlp,,0.08775018762960671,0.08775018762960671,,,,6.0545864,10000.0,10000.0,7.746743259791457e-5,0.1475007065802877,55,NVIDIA GH200 144G HBM3e,8107976,out/TSC_mlp_lvl2_agent_vup3kxji_20260930_2031.out,2026-10-01_10-18_j8107976,results/tahoe/sc/finetune/no_pretrain/lvl2/rmlp/2026-10-01_10-18_j8107976,finetune,0.288,0.22369081479002845,0.288,0.22369081479002845,10000.0,0.09750379159603889
tahoe_sc,no_pretrain,lvl2,rmlp,rmlp,,0.04327752464083603,0.05126645538328016,,,,6.3620305,10000.0,10000.0,6.099480617871086e-5,0.13800223580642904,58,NVIDIA GH200 144G HBM3e,8107976,out/TSC_mlp_lvl2_agent_vup3kxji_20260930_2031.out,2026-10-01_11-52_j8107976,results/tahoe/sc/finetune/no_pretrain/lvl2/rmlp/2026-10-01_11-52_j8107976,finetune,0.136,0.11293290948636439,0.152,0.12062907813284256,9000.0,0.05857435988937461
tahoe_sc,no_pretrain,lvl2,rmlp,rmlp,,0.01439857152511747,0.01439857152511747,,,,6.522386,10000.0,10000.0,1.891237230184156e-5,0.20907316563474335,56,NVIDIA GH200 144G HBM3e,8107976,out/TSC_mlp_lvl2_agent_vup3kxji_20260930_2031.out,2026-10-01_13-28_j8107976,results/tahoe/sc/finetune/no_pretrain/lvl2/rmlp/2026-10-01_13-28_j8107976,finetune,0.024,0.017232725447548936,0.024,0.017232725447548936,10000.0,0.016518868766170043
tahoe_sc,no_pretrain,lvl2,rmlp,rmlp_full,,0.0015472773254511113,0.009233866521542724,,,,5.92837,10000.0,10000.0,4.74254936988124e-6,0.12988224604123275,61,NVIDIA GH200 144G HBM3e,8107976,out/TSC_mlp_lvl2_agent_d7sz9bei_20260930_2031.out,2026-09-30_20-33_j8107976,results/tahoe/sc/finetune/no_pretrain/lvl2/rmlp_full/2026-09-30_20-33_j8107976,finetune,0.0,0.0,0.016,0.013551949138363727,1000.0,0.0045677580515657065
tahoe_sc,no_pretrain,lvl2,rmlp,rmlp_full,,0.009155613415427956,0.018019556162609956,,,,6.2552233,10000.0,10000.0,6.605060677059959e-6,0.09682792450507312,57,NVIDIA GH200 144G HBM3e,8107976,out/TSC_mlp_lvl2_agent_d7sz9bei_20260930_2031.out,2026-09-30_21-36_j8107976,results/tahoe/sc/finetune/no_pretrain/lvl2/rmlp_full/2026-09-30_21-36_j8107976,finetune,0.016,0.01422118119457922,0.032,0.025598126150242595,6000.0,0.013300026764207334
tahoe_sc,no_pretrain,lvl2,rmlp,rmlp_full,,0.03075347070310416,0.03075347070310416,,,,6.960485,10000.0,10000.0,0.00013214947019345814,0.10183666609567989,58,NVIDIA GH200 144G HBM3e,8107976,out/TSC_mlp_lvl2_agent_d7sz9bei_20260930_2031.out,2026-09-30_22-36_j8107976,results/tahoe/sc/finetune/no_pretrain/lvl2/rmlp_full/2026-09-30_22-36_j8107976,finetune,0.064,0.059227036975071104,0.064,0.059227036975071104,10000.0,0.027028280845748952
tahoe_sc,no_pretrain,lvl2,rmlp,rmlp_full,,0.022736084285709203,0.022736084285709203,,,,7.2451725,10000.0,10000.0,5.692245344960347e-5,0.10772310729497592,61,NVIDIA GH200 144G HBM3e,8107976,out/TSC_mlp_lvl2_agent_d7sz9bei_20260930_2031.out,2026-09-30_23-35_j8107976,results/tahoe/sc/finetune/no_pretrain/lvl2/rmlp_full/2026-09-30_23-35_j8107976,finetune,0.056,0.041325079471306675,0.056,0.041325079471306675,10000.0,0.016932821839593184
tahoe_sc,no_pretrain,lvl2,rmlp,rmlp_full,,0.017951973934601746,0.02923464905260387,,,,6.949359,10000.0,10000.0,0.0003943727281344384,0.09535382909531352,59,NVIDIA GH200 144G HBM3e,8107976,out/TSC_mlp_lvl2_agent_d7sz9bei_20260930_2031.out,2026-10-01_01-15_j8107976,results/tahoe/sc/finetune/no_pretrain/lvl2/rmlp_full/2026-10-01_01-15_j8107976,finetune,0.04,0.03312698678266689,0.08,0.05454241258156266,9000.0,0.031549647604603444
tahoe_sc,no_pretrain,lvl2,rmlp,rmlp_full,,0.02707201775634117,0.02593734771767702,,,,6.974144,10000.0,10000.0,0.00020793789028244973,0.027624539998801902,58,NVIDIA GH200 144G HBM3e,8107976,out/TSC_mlp_lvl2_agent_d7sz9bei_20260930_2031.out,2026-10-01_02-16_j8107976,results/tahoe/sc/finetune/no_pretrain/lvl2/rmlp_full/2026-10-01_02-16_j8107976,finetune,0.072,0.054040488539401035,0.056,0.04985778818805421,9000.0,0.028216611651351593
tahoe_sc,no_pretrain,lvl2,rmlp,rmlp_full,,0.011769978551535006,0.0232447294754552,,,,6.3138065,10000.0,10000.0,0.0003120763461189642,0.04748690086833986,58,NVIDIA GH200 144G HBM3e,8107976,out/TSC_mlp_lvl2_agent_d7sz9bei_20260930_2031.out,2026-10-01_03-16_j8107976,results/tahoe/sc/finetune/no_pretrain/lvl2/rmlp_full/2026-10-01_03-16_j8107976,finetune,0.016,0.016563493391333443,0.08,0.058223188890747866,2000.0,0.04639486127219199
tahoe_sc,no_pretrain,lvl2,rmlp,rmlp_full,,0.027580662946087166,0.027580662946087166,,,,6.97478,10000.0,10000.0,0.00027866192960719226,0.06646674068313507,56,NVIDIA GH200 144G HBM3e,8107976,out/TSC_mlp_lvl2_agent_d7sz9bei_20260930_2031.out,2026-10-01_06-01_j8107976,results/tahoe/sc/finetune/no_pretrain/lvl2/rmlp_full/2026-10-01_06-01_j8107976,finetune,0.088,0.05454241258156266,0.088,0.05454241258156266,10000.0,0.022296368989205104
tahoe_sc,no_pretrain,lvl2,rmlp,rmlp_full,,0.0024471880457709533,0.0,,,,6.3187413,10000.0,10000.0,0.003650034080179144,0.05458713386587248,60,NVIDIA GH200 144G HBM3e,8107976,out/TSC_mlp_lvl2_agent_d7sz9bei_20260930_2031.out,2026-10-01_07-35_j8107976,results/tahoe/sc/finetune/no_pretrain/lvl2/rmlp_full/2026-10-01_07-35_j8107976,finetune,0.008,0.008198092688639786,0.0,0.0,5000.0,0.016097778570791327
tahoe_sc,no_pretrain,lvl2,rmlp,rmlp_full,,0.03551979625736735,0.03551979625736735,,,,6.868594,10000.0,10000.0,8.417629973871062e-5,0.24980660951961928,57,NVIDIA GH200 144G HBM3e,8107976,out/TSC_mlp_lvl2_agent_d7sz9bei_20260930_2031.out,2026-10-01_08-37_j8107976,results/tahoe/sc/finetune/no_pretrain/lvl2/rmlp_full/2026-10-01_08-37_j8107976,finetune,0.072,0.07177513802911159,0.072,0.07177513802911159,10000.0,0.03169595860469266
tahoe_sc,no_pretrain,lvl2,rmlp,rmlp_full,,0.0024471880457709533,0.0,,,,6.366206,10000.0,10000.0,0.005136362204287728,0.29892638276873273,60,NVIDIA GH200 144G HBM3e,8107976,out/TSC_mlp_lvl2_agent_d7sz9bei_20260930_2031.out,2026-10-01_10-11_j8107976,results/tahoe/sc/finetune/no_pretrain/lvl2/rmlp_full/2026-10-01_10-11_j8107976,finetune,0.008,0.008198092688639786,0.0,0.0,5000.0,0.016097778570791327
tahoe_sc,no_pretrain,lvl2,rmlp,rmlp_full,,0.027047119040759196,0.027047119040759196,,,,6.8725247,10000.0,10000.0,0.0003317369552107292,0.2993322122610176,60,NVIDIA GH200 144G HBM3e,8107976,out/TSC_mlp_lvl2_agent_d7sz9bei_20260930_2031.out,2026-10-01_11-13_j8107976,results/tahoe/sc/finetune/no_pretrain/lvl2/rmlp_full/2026-10-01_11-13_j8107976,finetune,0.048,0.04316546762589928,0.048,0.04316546762589928,10000.0,0.04038540458560086
tahoe_sc,no_pretrain,lvl2,rmlp,rmlp_full,,0.026463777704267284,0.026463777704267284,,,,7.144208,10000.0,10000.0,0.00044670367845659327,0.01338716495918352,61,NVIDIA GH200 144G HBM3e,8107976,out/TSC_mlp_lvl2_agent_d7sz9bei_20260930_2031.out,2026-10-01_13-39_j8107976,results/tahoe/sc/finetune/no_pretrain/lvl2/rmlp_full/2026-10-01_13-39_j8107976,finetune,0.064,0.04952317215994646,0.064,0.04952317215994646,10000.0,0.02157551967169239
tahoe_sc,no_pretrain,lvl2,rmlp,rmlp_full,,0.03138305251139116,0.03772511106605629,,,,6.645906,10000.0,10000.0,0.0003423285392187566,0.2610111006839998,56,NVIDIA GH200 144G HBM3e,8107976,out/TSC_mlp_lvl2_agent_d7sz9bei_20260930_2031.out,2026-10-01_15-24_j8107976,results/tahoe/sc/finetune/no_pretrain/lvl2/rmlp_full/2026-10-01_15-24_j8107976,finetune,0.064,0.06391166136857955,0.112,0.07930399866153588,8000.0,0.04190204300115978
